score	sentence	voicevox_says	kuromoji_expects
17	10時から18時まで営業します。	じゅうじからじゅうわちじまでえぎょおします	じからじまでえぎょおします
13	42 キロを走りきった時、自然と涙が出た。	よんじゅうにきろおわしりきったときしぜんとなみだがでた	きろおわしりきったときしぜんとなみだがでた
11	30万人が参加しただけのことはある、見応えのあるマラソン大会だった。	さんじゅうまんにんがさんかしただけのことわあるみごたえのあるまらそんたいかいだった	まんにんがさんかしただけのことわあるみごたえのあるまらそんたいかいだった
11	SNSの普及により、誰もが情報の発信者になれる時代を迎えた。これは民主主義の深化に資する一方で、フェイクニュースの拡散や、世論の二極化といった新たな問題も生み出している。メディアリテラシー教育の重要性は、かつてないほど高まっていると言えよう。	えすえぬえすのふきゅうによりだれもがじょおほおのわっしんしゃになれるじだいおむかえたこれわみんしゅしゅぎのしんかにしするいっぽおでふぇえくにゅうすのかくさんやせろんのにきょくかといったあらたなもんだいもおみだしてえるめでぃありてらしいきょおいくのじゅうよおせえわかつてないほどたかまってえるといえよお	SNSのふきゅうによりだれもがじょおほおのわっしんしゃになれるじだいおむかえたこれわみんしゅしゅぎのしんかにしするいっぽおでふぇいくにゅすのかくさんやせろんのにきょくかといったあらたなもんだいもおみだしてえるめでぃありてらしきょおいくのじゅうよおせえわかつてないほどたかまってえるといえよお
11	この湖の深さは50メートルです。	このみずうみのふかさわごじゅうめえとるです	このみずうみのふかさわめとるです
11	飲む：飲みます/飲んで/飲める/飲まれる/飲ませる	のむのみますのんでのめるのまれるのませる	のむ：のみます/のんで/のめる/のまれる/のませる
11	今回のキャンペーンは20代の女性を中心に展開します。	こんかいのきゃんぺえんわにじゅうだいのじょせえおちゅうしんにてんかいします	こんかいのきゃんぺんわだいのじょせえおちゅうしんにてんかいします
11	城の天守閣は、高さ50メートルからある巨大な建築だ。	しろのてんしゅかくわたかさごじゅうめえとるからあるきょだいなけんちくだ	しろのてんしゅかくわたかさめとるからあるきょだいなけんちくだ
11	彼はもう80歳になるが、尚毎朝ジョギングを続けているそうだ。	かれわもおわちじゅっさいになるがなおまいあさじょぎんぐおつずけてえるそおだ	かれわもおさいになるがなおまいあさじょぎんぐおつずけてえるそおだ
11	夜11時までに寮に戻ります。	よるじゅういちじまでにりょおにもどります	よるじまでにりょおにもどります
9	20年にわたって、同じ分野の研究を続けてきた。	にじゅうねんにわたっておなじぶんやのけんきゅうおつずけてきた	ねんにわたっておなじぶんやのけんきゅうおつずけてきた
9	50歳にして初めて海外に渡航した。	ごじゅっさいにしてわじめてかいがいにとこおした	さいにしてわじめてかいがいにとこおした
9	A：明日のテストは何時から始まりますか。。B：午前九時からですよ。三十分前には教室に来てください。。A：はい、わかりました。	えあしたのてすとわなんじからわじまりますかびいごぜんくじからですよさんじゅっぷんまえにわきょおしつにきてくださいえわいわかりました	A：あしたのてすとわなんじからわじまりますかB：ごぜんきゅうじからですよさんじゅうふんまえにわきょおしつにきてくださいA：わいわかりました
9	A：明日のパーティー、何時に行きますか。。B：午後6時半に行くつもりです。。A：じゃあ、駅で6時に待ち合わせましょう。。B：わかりました。	えあしたのぱあてぃいなんじにいきますかびいごごろくじわんにいくつもりですえじゃあえきでろくじにまちあわせましょおびいわかりました	A：あしたのぱてぃなんじにいきますかB：ごごじわんにいくつもりですA：じゃあえきでじにまちあわせましょおB：わかりました
9	A：明日の飲み会、何人ぐらい来るかな。。B：今のところ、八人かな。田中さんが急に来られなくなったから。。A：そうか。じゃ、予約の人数を変更しておくね。。B：お願い。あと、個室がいいんだけど。。A：わかった、聞いてみるよ。	えあしたののみかいなんにんぐらいくるかなびいまのところわちにんかなたなかさんがきゅうにこられなくなったからえそおかじゃよやくのにんずうおえんこおしておくねびいおねがいあとこしつがいんだけどえわかったきいてみるよ	A：あしたののみかいなんにんぐらいくるかなB：いまのところわちにんかなたなかさんがきゅうにこられなくなったからA：そおかじゃよやくのにんずうおえんこおしておくねB：おねがいあとこしつがいんだけどA：わかったきいてみるよ
9	コーヒーを3杯飲んだから、夜眠れないわけだ。	こおひいおさんばいのんだからよるねむれないわけだ	こひおわいのんだからよるねむれないわけだ
9	ゴールデンウィークともなると、人気テーマパークは入場制限が出るほど混雑する。	ごおるでんうぃいくともなるとにんきてえまぱあくわにゅうじょおせえげんがでるほどこんざつする	ごるでんうぃくともなるとにんきてまぱくわにゅうじょおせえげんがでるほどこんざつする
9	見る：見ます/見て/見られる/見させる	みるみますみてみられるみさせる	みる：みます/みて/みられる/みさせる
9	最新の調査によると、若い世代の半数以上がスマートフォンを一日五時間以上使用していることが分かりました。特にSNSの利用時間が増えています。	さいしんのちょおさによるとわかいせだいのわんすういじょおがすまあとふぉんおいちにちごじかんいじょおしよおしてえることがわかりましたとくにえすえぬえすのりよおじかんがふえてえます	さいしんのちょおさによるとわかいせだいのわんすういじょおがすまとふぉんおいちにちごじかんいじょおしよおしてえることがわかりましたとくにSNSのりよおじかんがふえてえます
9	来月から、この図書館の開館時間が変わります。平日は午前九時から午後九時まで、土日は午前十時から午後六時までです。月曜日は休館日です。	らいげつからこのとしょかんのかいかんじかんがかわりますえじつわごぜんくじからごごくじまでどにちわごぜんじゅうじからごごろくじまでですげつよおびわきゅうかんびです	らいげつからこのとしょかんのかいかんじかんがかわりますえじつわごぜんきゅうじからごごきゅうじまでどにちわごぜんじゅうじからごごろくじまでですげつよおびわきゅうかんびです
9	量子コンピュータの研究開発が世界各国で加速しています。従来のコンピュータが零と一の二進法で計算するのに対し、量子コンピュータは量子ビットを用いることで、膨大な計算を同時に処理できる可能性を秘めています。医薬品開発や気候シミュレーションなど、応用分野は多岐にわたりますが、実用化にはまだ技術的な課題が残されています。	りょおしこんぴゅうたのけんきゅうかいわつがせかいかっこくでかそくしてえますじゅうらいのこんぴゅうたがれえといちのにしんほおでけえさんするのにたいしりょおしこんぴゅうたわりょおしびっとおもちいることでぼおだいなけえさんおどおじにしょりできるかのおせえおひめてえますいやくひんかいわつやきこおしみゅれえしょんなどおよおぶんやわたきにわたりますがじつよおかにわまだぎじゅつてきなかだいがのこされてえます	りょおしこんぴゅたのけんきゅうかいわつがせかいかっこくでかそくしてえますじゅうらいのこんぴゅたがれえといちのにしんほおでけえさんするのにたいしりょおしこんぴゅたわりょおしびっとおもちいることでぼおだいなけえさんおどおじにしょりできるかのおせえおひめてえますいやくひんかいわつやきこおしみゅれしょんなどおよおぶんやわたきにわたりますがじつよおかにわまだぎじゅつてきなかだいがのこされてえます
7	10月になると、涼しくなります。	じゅうがつになるとすずしくなります	つきになるとすずしくなります
7	10年ぶりに高校のクラスメイトと再会した。	じゅうねんぶりにこおこおのくらすめえととさいかいした	ねんぶりにこおこおのくらすめえととさいかいした
7	10年修行しただけのことはある。料理の腕が抜群だ。	じゅうねんしゅぎょおしただけのことわあるりょおりのおでがばつぐんだ	ねんしゅぎょおしただけのことわあるりょおりのおでがばつぐんだ
7	10分しか残っていません。	じゅっぷんしかのこってえません	ふんしかのこってえません
7	1か月に2回映画館へ行きます。	いっかげつににかいえがかんえきます	かげつにかいえがかんえきます
7	3月から4月にかけて、全国で桜が咲く。	さんがつからしがつにかけてぜんこくでさくらがさく	つきからつきにかけてぜんこくでさくらがさく
7	5分の遅刻ならまだしも、1時間遅れるのはありえない。	ごふんのちこくならまだしもいちじかんおくれるのわありえない	ぶんのちこくならまだしもじかんおくれるのわありえない
7	A：あした えいがを みに いきませんか。。B：いいですね。なんじに あいますか。。A：ろくじに えきで あいましょう。	えあしたえがおみにいきませんかびいですねなんじにあいますかえろくじにえきであいましょお	A：あしたえがおみにいきませんかB：いですねなんじにあいますかA：ろくじにえきであいましょお
7	A：このプロジェクト、当初の見込みより大幅にコストが超過していますね。。B：はい。原材料の高騰と、仕様変更の度重なる発生が主な原因です。。A：今後の対策として、仕様変更のプロセスを厳格化する必要がありますね。承認フローを見直しましょう。。B：それに加えて、調達先の多様化も検討したいのですが。。A：いいですね。次回の定例会議でまとめて提案しましょう。	えこのぷろじぇくととおしょのみこみよりおわばにこすとがちょおかしてえますねびいわいげんざいりょおのこおとおとしよおえんこおのたびかさなるわっせえがおもなげんいんですえこんごのたいさくとしてしよおえんこおのぷろせすおげんかくかするひつよおがありますねしょおにんふろおみなおしましょおびいそれにくわえてちょおたつさきのたよおかもけんとおしたいのですがえいですねじかいのてえれえかいぎでまとめててえあんしましょお	A：このぷろじぇくととおしょのみこみよりおわばにこすとがちょおかしてえますねB：わいげんざいりょおのこおとおとしよおえんこおのたびかさなるわっせえがおもなげんいんですA：こんごのたいさくとしてしよおえんこおのぷろせすおげんかくかするひつよおがありますねしょおにんふろおみなおしましょおB：それにくわえてちょおたつさきのたよおかもけんとおしたいのですがA：いですねじかいのてえれえかいぎでまとめててえあんしましょお
7	A：夏休みはどこに行きますか。。B：両親と韓国に行く予定です。。A：いいですね。何日間ですか。。B：五日間です。	えなつやすみわどこにいきますかびいりょおしんとかんこくにいくよてえですえいですねなんにちかんですかびいつかかんです	A：なつやすみわどこにいきますかB：りょおしんとかんこくにいくよてえですA：いですねなんにちかんですかB：ごにちかんです
7	A：今回の情報漏洩の件、初動対応の遅れが致命的だった。原因究明と再発防止策の徹底が急務だ。。B：おっしゃる通りです。第三者委員会を立ち上げて、徹底的に調査することが信頼回復への第一歩かと。。A：それに加えて、影響を受けたお客様への補償と説明責任を果たさなければならない。広報部とも連携して、対応を急ぐように。。B：承知しました。一週間以内に基本方針を取りまとめてご報告します。	えこんかいのじょおほおろおえのけんしょどおたいおのおくれがちめえてきだったげんいんきゅうめえとさいわつぼおしさくのてってえがきゅうむだびいおっしゃるとおりですだいさんしゃいんかいおたちあげててってえてきにちょおさすることがしんらいかいふくえのだいっぽかとえそれにくわえてえきょおけたおきゃくさまえのほしょおとせつめえせきにんおわたさなければならないこおほおぶともれんけえしてたいおいそぐよおにびいしょおちしましたいっしゅうかんいないにきほんほおしんおとりまとめてごほおこくします	A：こんかいのじょおほおろおせつのけんしょどおたいおのおくれがちめえてきだったげんいんきゅうめえとさいわつぼおしさくのてってえがきゅうむだB：おっしゃるとおりですだいさんしゃいんかいおたちあげててってえてきにちょおさすることがしんらいかいふくえのだいっぽかとA：それにくわえてえきょおけたおきゃくさまえのほしょおとせつめえせきにんおわたさなければならないこおほおぶともれんけえしてたいおいそぐよおにB：しょおちしましたいちしゅうかんいないにきほんほおしんおとりまとめてごほおこくします
7	A：今度の社員旅行、どこがいいと思いますか。。B：沖縄はどうですか。去年は北海道だったから、今年は暖かいところがいいかなと。。A：沖縄か。予算的に厳しくないですか。。B：格安航空を使えば、かなり抑えられると思いますよ。。A：なるほど。じゃ、見積もりを出してもらえますか。	えこんどのしゃいんりょこおどこがいとおもいますかびいおきなわわどおですかきょねんわほっかいどおだったからことしわあたたかいところがいかなとえおきなわかよさんてきにきびしくないですかびいかくやすこおくうおつかえばかなりおさえられるとおもいますよえなるほどじゃみつもりおだしてもらえますか	A：こんどのしゃいんりょこおどこがいとおもいますかB：おきなわわどおですかきょねんわほっかいどおだったからことしわあたたかいところがいかなとA：おきなわかよさんてきにきびしくないですかB：かくやすこおくうおつかえばかなりおさえられるとおもいますよA：なるほどじゃみつもりおだしてもらえますか
7	A：仕事の調子はどうですか。。B：忙しいですが、楽しいです。新しいプロジェクトを担当することになりました。。A：それは大変ですね。頑張ってください。	えしごとのちょおしわどおですかびいそがしいですがたのしいですあたらしいぷろじぇくとおたんとおすることになりましたえそれわたいえんですねがんばってください	A：しごとのちょおしわどおですかB：いそがしいですがたのしいですあたらしいぷろじぇくとおたんとおすることになりましたA：それわたいえんですねがんばってください
7	A：先生、最近よく頭が痛いんです。。B：いつからですか。。A：二週間ぐらい前からです。仕事が忙しくて、あまり寝ていません。。B：それは睡眠不足のせいかもしれませんね。まずは規則正しい生活を心がけてください。	えせんせえさいきんよくあたまがいたいんですびいつからですかえにしゅうかんぐらいまえからですしごとがいそがしくてあまりねてえませんびいそれわすいみんふそくのせえかもしれませんねまずわきそくただしいせえかつおこころがけてください	A：せんせえさいきんよくあたまがいたいんですB：いつからですかA：にしゅうかんぐらいまえからですしごとがいそがしくてあまりねてえませんB：それわすいみんふそくのせえかもしれませんねまずわきそくただしいせえかつおこころがけてください
7	A：田中さん、明日のプレゼン資料、最終確認お願いできますか。。B：はい。何時までに必要ですか。。A：明日の朝九時からプレゼンなので、今日の五時までにいただけると助かります。。B：わかりました。四時には送ります。	えたなかさんあしたのぷれぜんしりょおさいしゅうかくにんおねがいできますかびいわいなんじまでにひつよおですかえあしたのあさくじからぷれぜんなのできょおのごじまでにいただけるとたすかりますびいわかりましたよじにわおくります	A：たなかさんあしたのぷれぜんしりょおさいしゅうかくにんおねがいできますかB：わいつまでにひつよおですかA：あしたのあさきゅうじからぷれぜんなのできょおのごじまでにいただけるとたすかりますB：わかりましたよんじにわおくります
7	IT業界は技術の進歩が目まぐるしく、常に学び続ける必要がある。	あいてぃいぎょおかいわぎじゅつのしんぽがめまぐるしくつねにまなびつずけるひつよおがある	ITぎょおかいわぎじゅつのしんぽがめまぐるしくつねにまなびつずけるひつよおがある
7	SNSを通じて、昔の友人と再会した。	えすえぬえすおつうじてむかしのゆうじんとさいかいした	SNSおつうじてむかしのゆうじんとさいかいした
7	あの店のラーメンは、若い人の間でとても人気がある。	あのみせのらあめんわわかいひとのあいだでとてもにんきがある	あのみせのらめんわわかいひとのまでとてもにんきがある
7	この店のラーメンは、他では味わえない独特なスープが自慢です。	このみせのらあめんわほかでわあじわえないどくとくなすうぷがじまんです	このみせのらめんわたでわあじわえないどくとくなすぷがじまんです
7	シャワーを浴びている間に、電話が鳴っていた。	しゃわあおあびてえるあいだにでんわがなってえた	しゃわおあびてえるまにでんわがなってえた
7	その広告は「業界No.1の実績」を謳っているが、根拠は極めて曖昧だ。	そのこおこくわぎょおかいなんばあいちのじっせきおたってえるがこんきょわきわめてあいまいだ	そのこおこくわぎょおかいNo.のじっせきおたってえるがこんきょわきわめてあいまいだ
7	その僧侶は厳しい戒律を守り、俗世との関わりを断っている。	そのそおりょわきびしいかいりつおまもりぞくせとのかかわりおたってえる	そのそおりょわきびしいかいりつおまもりぞくせえとのかかわりおことわってえる
7	ペースメーカーなどに影響するかもしれないからです。	ぺえすめえかあなどにえきょおするかもしれないからです	ぺすめかなどにえきょおするかもしれないからです
7	リーダーはメンバーに役割を分担させた。	りいだあわめんばあにやくわりおぶんたんさせた	りだわめんばにやくわりおぶんたんさせた
7	リーダーを中心に、チームが結束した。	りいだあおちゅうしんにちいむがけっそくした	りだおちゅうしんにちむがけっそくした
7	歌います→歌う／歌わない	うたいますうたうたわない	うたいます→うたう／うたわない
7	銀行のATMもあるので、いつでもお金をおろせます。	ぎんこおのえてぃいえむもあるのでえつでもおかねおろせます	ぎんこおのATMもあるのでえつでもおかねおろせます
7	軽微な暴行罪で有罪判決を受けた被告人に、二十日間の拘留が科された。	けえびなぼおこおざいでゆうざいわんけつおけたひこくにんにわつかかんのこおりゅうがかされた	けえびなぼおこおざいでゆうざいわんけつおけたひこくじんににじゅうにちかんのこおりゅうがかされた
7	幸せの形なんて十人十色で、他人と比べても意味がない。	しあわせのかたちなんてじゅうにんといろでたにんとくらべてもいみがない	しあわせのかたちなんてじゅうにんじゅうしょくでたにんとくらべてもいみがない
7	根拠のない噂がSNSを通じて瞬く間に流布し、収拾がつかなくなった。	こんきょのないうわさがえすえぬえすおつうじてまたたくまにるふししゅうしゅうがつかなくなった	こんきょのないうわさがSNSおつうじてまばたくまにるふししゅうしゅうがつかなくなった
7	根拠のない噂はSNS上で瞬く間に増幅し、社会不安を煽った。	こんきょのないうわさわえすえぬえすじょおでまたたくまにぞおふくししゃかいふあんおあおった	こんきょのないうわさわSNSじょおでまばたくまにぞおふくししゃかいふあんおあおった
7	三年間努力して、ようやく日本語能力試験のN1を取得しました。	さんねんかんどりょくしてよおやくにほんごのおりょくしけんのえぬいちおしゅとくしました	さんねんかんどりょくしてよおやくにほんごのおりょくしけんのNおしゅとくしました
7	仕事の内容は、注文を取ったり、コーヒーを作ったり、テーブルをかたづけたりすることです。	しごとのないよおわちゅうもんおとったりこおひいおつくったりてえぶるおかたずけたりすることです	しごとのないよおわちゅうもんおとったりこひおつくったりてぶるおかたずけたりすることです
7	新しいサービスに関して、ユーザーから多くの意見が寄せられた。	あたらしいさあびすにかんしてゆうざあからおくのいけんがよせられた	あたらしいさびすにかんしてゆざからおくのいけんがよせられた
7	新商品をもっと多くの人に宣伝するため、SNSを活用することにした。	しんしょおひんおもっとおくのひとにせんでんするためえすえぬえすおかつよおすることにした	しんしょおひんおもっとおくのひとにせんでんするためSNSおかつよおすることにした
7	先着100名様に限り、特典をプレゼントします。	せんちゃくひゃくめえさまにかぎりとくてんおぷれぜんとします	せんちゃくめえさまにかぎりとくてんおぷれぜんとします
7	大勢の来賓を前に表彰されるという、晴れがましい場に立たせていただいた。	おぜえのらいひんおまえにひょおしょおされるというわれがましいばにたたせてえただいた	たいせえのらいひんおまえにひょおしょおされるというわれがましいじょおにたたせてえただいた
7	大切だ/じゃない/だった/じゃなかった	たいせつだじゃないだったじゃなかった	たいせつだ/じゃない/だった/じゃなかった
7	締め切りが刻々と迫る中、チーム全員が寝る間も惜しんで作業に当たった。	しめきりがこくこくとせまるなかちいむぜんいんがねるあいだもおしんでさぎょおにあたった	しめきりがこっこくとせまるなかちむぜんいんがねるまもおしんでさぎょおにあたった
7	買う/買わない/買った/買わなかった	かうかわないかったかわなかった	かう/かわない/かった/かわなかった
7	被災地の子どもたちの姿を目にして、彼女は惻然として言葉を失った。	ひさいちのこどもたちのすがたおめにしてかのじょわとしてことばおしなった	ひさいちのこどもたちのすがたおめにしてかのじょわ惻しかとしてことばおしなった
7	毎晩10時までに寝るようにしている。	まいばんじゅうじまでにねるよおにしてえる	まいばんじまでにねるよおにしてえる
7	焙煎したての豆を挽くと、香ばしいコーヒーの匂いが部屋中に広がった。	ばいせんしたてのまめおひくとこおばしいこおひいのにおいがえやじゅうにひろがった	あぶいしたてのまめおひくとこおばしいこひのにおいがえやちゅうにひろがった
5	「東京ラブストーリー」というドラマ。	とおきょおらぶすとおりいというどらま	とおきょおらぶすとりというどらま
5	～ことは～が	ことわが	～ことわ～が
5	～には～が	にわが	～にわ～が
5	100キロからある荷物を、彼は一人で運び切った。	ひゃっきろからあるにもつおかれわひとりでわこびきった	きろからあるにもつおかれわいちにんでわこびきった
5	1時間くらいかかります。	いちじかんくらいかかります	じかんくらいかかります
5	3年も住んでいれば、詳しいわけだ。	さんねんもすんでえればくわしいわけだ	ねんもすんでえればくわしいわけだ
5	A：このりんごは いくらですか。。B：ひとつ ひゃくえんです。。A：じゃ、みっつ ください。	えこのりんごわいくらですかびいひとつひゃくえんですえじゃみっつください	A：このりんごわいくらですかB：ひとつひゃくえんですA：じゃみっつください
5	A：すきな たべものは なんですか。。B：すしが すきです。。A：わたしも すしが すきです。	えすきなたべものわなんですかびいすしがすきですえわたしもすしがすきです	A：すきなたべものわなんですかB：すしがすきですA：わたしもすしがすきです
5	A：すみません、たこ焼きを二つと、お好み焼きを一つください。。B：はい。たこ焼きは一つ五百円で、お好み焼きは八百円です。。A：じゃ、全部でいくらですか。。B：千八百円です。	えすみませんたこやきおふたつとおこのみやきおひとつくださいびいわいたこやきわひとつごひゃくえんでおこのみやきわわっぴゃくえんですえじゃぜんぶでえくらですかびいせんわっぴゃくえんです	A：すみませんたこやきおふたつとおこのみやきおひとつくださいB：わいたこやきわひとつごひゃくえんでおこのみやきわわちひゃくえんですA：じゃぜんぶでえくらですかB：せんわちひゃくえんです
5	A：すみません、ペンを貸してくれませんか。。B：はい、どうぞ。。A：ありがとうございます。後で返します。	えすみませんぺんおかしてくれませんかびいわいどおぞえありがとおございますあとでかえします	A：すみませんぺんおかしてくれませんかB：わいどおぞA：ありがとおございますあとでかえします
5	A：すみません、大阪城への行き方を教えていただけませんか。。B：ここからまっすぐ行って、二つ目の信号を右に曲がってください。そのまま五分ほど歩くと、左手に見えてきますよ。。A：ありがとうございます。歩いてどのくらいかかりますか。。B：十五分ぐらいですね。	えすみませんおさかじょおえのいきかたおしえてえただけませんかびいここからまっすぐいってふたつめのしんごおみぎにまがってくださいそのままごふんほどあるくとひだりてにみえてきますよえありがとおございますあるいてどのくらいかかりますかびいじゅうごふんぐらいですね	A：すみませんおさかじょおえのいきかたおしえてえただけませんかB：ここからまっすぐいってふたつめのしんごおみぎにまがってくださいそのままごふんほどあるくとひだりてにみえてきますよA：ありがとおございますあるいてどのくらいかかりますかB：じゅうごふんぐらいですね
5	A：すみません、郵便局はどこですか。。B：あの白いビルの隣です。。A：ありがとうございます。	えすみませんゆうびんきょくわどこですかびいあのしろいびるのとなりですえありがとおございます	A：すみませんゆうびんきょくわどこですかB：あのしろいびるのとなりですA：ありがとおございます
5	A：たなかさんは どこですか。。B：いま、トイレに いきました。	えたなかさんわどこですかびいまといれにいきました	A：たなかさんわどこですかB：いまといれにいきました
5	A：今回の通商交渉、相手国の出方が読みにくいですね。。B：政治的な背景を考えると、強硬姿勢を取らざるを得ない事情もあるかと。。A：ただ、長引けば双方に経済的損失が出ます。譲歩点を探る必要があります。。B：水面下での協議を並行して進めるべきでしょう。	えこんかいのつうしょおこおしょおあいてこくのでかたがよみにくいですねびいせえじてきなわいけえおかんがえるときょおこおしせえおとらざるおえないじじょおもあるかとえただながびけばそおほおにけえざいてきそんしつがでますじょおほてんおさぐるひつよおがありますびいすいめんかでのきょおぎおえこおしてすすめるべきでしょお	A：こんかいのつうしょおこおしょおあいてこくのでかたがよみにくいですねB：せえじてきなわいけえおかんがえるときょおこおしせえおとらざるおえないじじょおもあるかとA：ただながびけばそおほおにけえざいてきそんしつがでますじょおほてんおさぐるひつよおがありますB：すいめんかでのきょおぎおえこおしてすすめるべきでしょお
5	A：今期の業績についてですが、第三四半期はようやく黒字に転じましたが、通期では依然として厳しい状況です。。B：構造改革の効果が出始めているとは言えますね。ただ、為替の影響を除いた実質的な収益力は、まだ十分とは言えない。。A：第四四半期に向けて、コスト削減と新規事業の立ち上げを並行して進める必要があります。。B：取締役会で具体的な戦略を諮りましょう。	えこんきのぎょおせきについてですがだいさんしわんきわよおやくくろじにてんじましたがつうきでわいぜんとしてきびしいじょおきょおですびいこおぞおかいかくのこおかがでわじめてえるとわいえますねただかわせのえきょおのぞいたじっしつてきなしゅうえきりょくわまだじゅうぶんとわいえないえだいよんしわんきにむけてこすとさくげんとしんきじぎょおのたちあげおえこおしてすすめるひつよおがありますびいとりしまりやくかいでぐたいてきなせんりゃくおわかりましょお	A：こんきのぎょおせきについてですがだいさんしわんきわよおやくくろじにてんじましたがつうきでわいぜんとしてきびしいじょおきょおですB：こおぞおかいかくのこおかがでわじめてえるとわいえますねただかわせのえきょおのぞいたじっしつてきなしゅうえきりょくわまだじゅうぶんとわいえないA：だいよんしわんきにむけてこすとさくげんとしんきじぎょおのたちあげおえこおしてすすめるひつよおがありますB：とりしまりやくかいでぐたいてきなせんりゃくおわかりましょお
5	A：今度の人事で部長に昇進されると聞きました。おめでとうございます。。B：ありがとうございます。責任が増えますが、頑張ります。。A：何かお手伝いできることがあれば、おっしゃってください。。B：心強いお言葉、ありがとうございます。	えこんどのじんじでぶちょおにしょおしんされるとききましたおめでとおございますびいありがとおございますせきにんがふえますががんばりますえなにかおてつだいできることがあればおっしゃってくださいびいこころずよいおことばありがとおございます	A：こんどのじんじでぶちょおにしょおしんされるとききましたおめでとおございますB：ありがとおございますせきにんがふえますががんばりますA：なにかおてつだいできることがあればおっしゃってくださいB：こころずよいおことばありがとおございます
5	A：今日は何時に帰りますか。。B：会議が長引きそうなので、八時ぐらいになりそうです。。A：それは大変ですね。お疲れさまです。	えきょおわなんじにかえりますかびいかいぎがながびきそおなのでわちじぐらいになりそおですえそれわたいえんですねおつかれさまです	A：きょおわなんじにかえりますかB：かいぎがながびきそおなのでわちじぐらいになりそおですA：それわたいえんですねおつかれさまです
5	A：新人の田中さん、なかなか優秀ですね。。B：そうですね。質問が的確で、覚えるのも早いです。。A：将来が楽しみですね。次のプロジェクトでも活躍してもらいましょう。	えしんじんのたなかさんなかなかゆうしゅうですねびいそおですねしつもんがてきかくでおぼえるのもわやいですえしょおらいがたのしみですねつぎのぷろじぇくとでもかつやくしてもらいましょお	A：しんじんのたなかさんなかなかゆうしゅうですねB：そおですねしつもんがてきかくでおぼえるのもわやいですA：しょおらいがたのしみですねつぎのぷろじぇくとでもかつやくしてもらいましょお
5	A：申し訳ありませんが、明日の会議を一時間遅らせていただけませんか。。B：構いませんが、理由を教えてください。。A：実は、午前中にお客様の対応が入ってしまいまして。。B：分かりました。じゃあ午後三時からにしましょう。	えもおしわけありませんがあしたのかいぎおいちじかんおくらせてえただけませんかびいかまいませんがりゆうおしえてくださいえじつわごぜんちゅうにおきゃくさまのたいおがわいってしまいましてびいわかりましたじゃあごごさんじからにしましょお	A：もおしわけありませんがあしたのかいぎおいちじかんおくらせてえただけませんかB：かまいませんがりゆうおしえてくださいA：じつわごぜんちゅうにおきゃくさまのたいおがわいってしまいましてB：わかりましたじゃあごごさんじからにしましょお
5	A：先週の会議で決まった新システムの導入なんですが、現場からの反発が大きくて。。B：そうですよね。今までのやり方を急に変えるのは、抵抗があって当然です。。A：時間をかけて、メリットを丁寧に説明していくしかありませんね。。B：研修の機会も増やして、不安を取り除く努力が必要だと思います。	えせんしゅうのかいぎできまったしんしすてむのどおにゅうなんですがげんばからのわんぱつがおきくてびいそおですよねえままでのやりかたおきゅうにかえるのわてえこおがあってとおぜんですえじかんおかけてめりっとおてえねえにせつめえしてえくしかありませんねびいけんしゅうのきかいもふやしてふあんおとりのぞくどりょくがひつよおだとおもいます	A：せんしゅうのかいぎできまったしんしすてむのどおにゅうなんですがげんばからのわんぱつがおきくてB：そおですよねえままでのやりかたおきゅうにかえるのわてえこおがあってとおぜんですA：じかんおかけてめりっとおてえねえにせつめえしてえくしかありませんねB：けんしゅうのきかいもふやしてふあんおとりのぞくどりょくがひつよおだとおもいます
5	A：先日の提案書について、先方からフィードバックがありまして。全体的な方向性は評価されたんですが、収益モデルの部分でもう少し掘り下げた分析が欲しいと。。B：なるほど。競合他社との比較データを追加して、差別化ポイントを明確にしたほうがいいかもしれませんね。。A：そうですね。あと、リスク分析も入れておきましょう。来週水曜日の再提出に間に合いますか。。B：なんとかしますが、マーケティング部からのデータが必要です。至急手配してもらえますか。	えせんじつのてえあんしょについてせんぽおからふぃいどばっくがありましてぜんたいてきなほおこおせえわひょおかされたんですがしゅうえきもでるのぶぶんでもおすこしほりさげたぶんせきがほしいとびいなるほどきょおごおたしゃとのひかくでえたおついかしてさべつかぽいんとおめえかくにしたほおがいかもしれませんねえそおですねあとりすくぶんせきもいれておきましょおらいしゅうすいよおびのさいてえしゅつにまにあいますかびいなんとかしますがまあけてぃんぐぶからのでえたがひつよおですしきゅうてわいしてもらえますか	A：せんじつのてえあんしょについてせんぽおからふぃどばっくがありましてぜんたいてきなほおこおせえわひょおかされたんですがしゅうえきもでるのぶぶんでもおすこしほりさげたぶんせきがほしいとB：なるほどきょおごおたしゃとのひかくでたおついかしてさべつかぽいんとおめえかくにしたほおがいかもしれませんねA：そおですねあとりすくぶんせきもいれておきましょおらいしゅうすいよおびのさいてえしゅつにまにあいますかB：なんとかしますがまけてぃんぐぶからのでたがひつよおですしきゅうてわいしてもらえますか
5	A：先日の報道について、当社の見解を求める問い合わせが殺到しています。。B：事実関係を整理した上で、正式な声明を出す必要がありますね。。A：広報担当と顧問弁護士を含めた緊急会議を招集しましょう。。B：賛成です。誤った情報が独り歩きする前に、迅速な対応が肝心です。	えせんじつのほおどおについてとおしゃのけんかいおもとめるといあわせがさっとおしてえますびいじじつかんけえおせえりしたうえでせえしきなせえめえおだすひつよおがありますねえこおほおたんとおとこもんべんごしおふくめたきんきゅうかいぎおしょおしゅうしましょおびいさんせえですあやまったじょおほおがひとりあるきするまえにじんそくなたいおがかんじんです	A：せんじつのほおどおについてとおしゃのけんかいおもとめるといあわせがさっとおしてえますB：じじつかんけえおせえりしたうえでせえしきなせえめえおだすひつよおがありますねA：こおほおたんとおとこもんべんごしおふくめたきんきゅうかいぎおしょおしゅうしましょおB：さんせえですあやまったじょおほおがひとりあるきするまえにじんそくなたいおがかんじんです
5	A：道頓堀でお好み焼きを食べませんか。。B：いいですね。でも、今日は雨が降りそうですから、デパートの中のレストランはどうですか。。A：そうですね。そうしましょう。	えどおとんぼりでおこのみやきおたべませんかびいですねでもきょおわあめがふりそおですからでぱあとのなかのれすとらんわどおですかえそおですねそおしましょお	A：どおとんぼりでおこのみやきおたべませんかB：いですねでもきょおわあめがおりそおですからでぱとのなかのれすとらんわどおですかA：そおですねそおしましょお
5	A：日本語の勉強で困っていることがあるんですが、相談してもいいですか。。B：もちろん。何ですか。。A：漢字をなかなか覚えられなくて。。B：毎日少しずつでもいいから、書いて覚えるのが一番ですよ。あと、文章の中で出会うのも効果的です。	えにほんごのべんきょおでこまってえることがあるんですがそおだんしてもいですかびいもちろんなにですかえかんじおなかなかおぼえられなくてびいまいにちすこしずつでもいからかいておぼえるのがいちばんですよあとぶんしょおのなかでであうのもこおかてきです	A：にほんごのべんきょおでこまってえることがあるんですがそおだんしてもいですかB：もちろんなにですかA：かんじおなかなかおぼえられなくてB：まいにちすこしずつでもいからかいておぼえるのがいちばんですよあとぶんしょおのなかでであうのもこおかてきです
5	A：日本語の勉強はどうですか。。B：難しいですが、楽しいです。特に漢字が好きです。。A：頑張ってくださいね。	えにほんごのべんきょおわどおですかびいむずかしいですがたのしいですとくにかんじがすきですえがんばってくださいね	A：にほんごのべんきょおわどおですかB：むずかしいですがたのしいですとくにかんじがすきですA：がんばってくださいね
5	A：日本語の本でおすすめはありますか。。B：村上春樹の『ノルウェイの森』はどうですか。。A：難しすぎませんか。。B：辞書を使えば大丈夫ですよ。語彙力も増えます。	えにほんごのほんでおすすめわありますかびいむらかみわるきののるうぇえのもりわどおですかえむずかしすぎませんかびいじしょおつかえばだいじょおぶですよごいりょくもふえます	A：にほんごのほんでおすすめわありますかB：むらかみわるきののるうぇいのもりわどおですかA：むずかしすぎませんかB：じしょおつかえばだいじょおぶですよごいりょくもふえます
5	A：部長、来週の会議の資料ができました。確認していただけますか。。B：ありがとう。今日中に目を通すから、修正点があれば明日の朝伝えるね。。A：わかりました。よろしくお願いします。	えぶちょおらいしゅうのかいぎのしりょおができましたかくにんしてえただけますかびいありがとおきょおじゅうにめおとおすからしゅうせえてんがあればあしたのあさつたえるねえわかりましたよろしくおねがいします	A：ぶちょおらいしゅうのかいぎのしりょおができましたかくにんしてえただけますかB：ありがとおきょおちゅうにめおとおすからしゅうせえてんがあればあしたのあさつたえるねA：わかりましたよろしくおねがいします
5	A：来期の販売目標について、現状の市場分析を踏まえると、ご提案の数値はやや楽観的に感じます。。B：ご指摘ありがとうございます。確かに、競合の値下げ攻勢を考慮すると、目標を一割程度下方修正したほうが現実的かもしれません。。A：その方が、達成可能性も高まりますし、社員の士気にもいい影響があるでしょう。	えらいきのわんばいもくひょおについてげんじょおのしじょおぶんせきおふまえるとごてえあんのすうちわややらっかんてきにかんじますびいごしてきありがとおございますたしかにきょおごおのねさげこおせえおこおりょするともくひょおいちわりてえどかほおしゅうせえしたほおがげんじつてきかもしれませんえそのほおがたっせえかのおせえもたかまりますししゃいんのしきにもいえきょおがあるでしょお	A：らいきのわんばいもくひょおについてげんじょおのしじょおぶんせきおふまえるとごてえあんのすうちわややらっかんてきにかんじますB：ごしてきありがとおございますたしかにきょおごおのねさげこおせえおこおりょするともくひょおいちわりてえどかほおしゅうせえしたほおがげんじつてきかもしれませんA：そのほおがたっせえかのおせえもたかまりますししゃいんのしきにもいえきょおがあるでしょお
5	A：来月から営業部の課長として、君を昇進させたいと考えている。。B：ありがとうございます。光栄ですが、私にはまだ経験が浅いように思いますが。。A：確かに若いが、最近のプロジェクトでの実績は他の社員より優れている。チームを引っ張る力もある。やってみないか。。B：分かりました。精一杯努めます。	えらいげつからえぎょおぶのかちょおとしてきみおしょおしんさせたいとかんがえてえるびいありがとおございますこおえですがわたしにわまだけえけんがあさいよおにおもいますがえたしかにわかいがさいきんのぷろじぇくとでのじっせきわたのしゃいんよりすぐれてえるちいむおひっぱるちからもあるやってみないかびいわかりましたせえっぱいつとめます	A：らいげつからえぎょおぶのかちょおとしてきみおしょおしんさせたいとかんがえてえるB：ありがとおございますこおえですがわたしにわまだけえけんがあさいよおにおもいますがA：たしかにわかいがさいきんのぷろじぇくとでのじっせきわたのしゃいんよりすぐれてえるちむおひっぱるちからもあるやってみないかB：わかりましたせえいっぱいつとめます
5	A：来月の新商品発表会についてですが、会場の確保はいかがでしょうか。。B：都内のホテルを二箇所候補に挙げています。今週中に下見に行く予定です。。A：予算は予定通りですか。。B：はい、上限内で収まる見込みです。	えらいげつのしんしょおひんわっぴょおかいについてですがかいじょおのかくほわいかがでしょおかびいとないのほてるおにかしょこおほにあげてえますこんしゅうちゅうにしたみにいくよてえですえよさんわよてえどおりですかびいわいじょおげんないでおさまるみこみです	A：らいげつのしんしょおひんわっぴょおかいについてですがかいじょおのかくほわいかがでしょおかB：とないのほてるおにかしょこおほにあげてえますこんしゅうちゅうにしたみにいくよてえですA：よさんわよてえどおりですかB：わいじょおげんないでおさまるみこみです
5	A：来月の大阪出張の件ですが、現地のクライアントとの打ち合わせは午後からですので、午前中は空いています。。B：じゃ、せっかくだから午前中に工場の視察を入れてもらえますか。。A：承知しました。先方に連絡しておきます。	えらいげつのおさかしゅっちょおのけんですがげんちのくらいあんととのおちあわせわごごからですのでごぜんちゅうわあいてえますびいじゃせっかくだからごぜんちゅうにこおじょおのしさつおいれてもらえますかえしょおちしましたせんぽおにれんらくしておきます	A：らいげつのおさかしゅっちょおのけんですがげんちのくらいあんととのおちあわせわごごからですのでごぜんちゅうわあいてえますB：じゃせっかくだからごぜんちゅうにこおじょおのしさつおいれてもらえますかA：しょおちしましたせんぽおにれんらくしておきます
5	A：来週、お時間ありますか。。B：月曜日と水曜日なら大丈夫です。。A：では、水曜日の午後二時はいかがでしょうか。。B：はい、その時間でお願いします。	えらいしゅうおじかんありますかびいげつよおびとすいよおびならだいじょおぶですえでわすいよおびのごごにじわいかがでしょおかびいわいそのじかんでおねがいします	A：らいしゅうおじかんありますかB：げつよおびとすいよおびならだいじょおぶですA：でわすいよおびのごごにじわいかがでしょおかB：わいそのじかんでおねがいします
5	A：来週の出張、大阪のホテルはもう予約した？。B：まだなんだ。駅の近くで探しているんだけど、どこがいいかな。。A：梅田周辺なら便利だと思うよ。値段もそんなに高くないし。。B：じゃ、今日中に予約するよ。ありがとう。	えらいしゅうのしゅっちょおさかのほてるわもおよやくしたびいまだなんだえきのちかくでさがしてえるんだけどどこがいかなえうめだしゅうえんならべんりだとおもおよねだんもそんなにたかくないしびいじゃきょおじゅうによやくするよありがとお	A：らいしゅうのしゅっちょおさかのほてるわもおよやくしたB：まだなんだえきのちかくでさがしてえるんだけどどこがいかなA：うめだしゅうえんならべんりだとおもおよねだんもそんなにたかくないしB：じゃきょおちゅうによやくするよありがとお
5	A：鈴木さん、昨日提出してもらった企画書なんだけど、コンセプトは面白いと思う。ただ、予算の部分がもう少し具体的だといいかな。。B：わかりました。見積もりを取り直して、金曜日までに修正版を提出します。。A：お願いします。	えすずきさんきのおてえしゅつしてもらったきかくしょなんだけどこんせぷとわおもしろいとおもおただよさんのぶぶんがもおすこしぐたいてきだといかなびいわかりましたみつもりおとりなおしてきんよおびまでにしゅうせえばんおてえしゅつしますえおねがいします	A：すずきさんきのおてえしゅつしてもらったきかくしょなんだけどこんせぷとわおもしろいとおもおただよさんのぶぶんがもおすこしぐたいてきだといかなB：わかりましたみつもりおとりなおしてきんよおびまでにしゅうせえばんおてえしゅつしますA：おねがいします
5	AIが最適な配送ルートを瞬時に弾き出してくれる。	えあいがさいてきなわいそおるうとおしゅんじにわじきだしてくれる	AIがさいてきなわいそおるとおしゅんじにわじきだしてくれる
5	AI技術の発展に伴い、倫理的な課題も深刻化している。アルゴリズムの偏見、プライバシーの侵害、雇用の喪失など、社会全体で取り組むべき問題が山積している。技術の進歩を享受するためには、それに見合った制度設計と社会的合意の形成が不可欠である。	えあいぎじゅつのわってんにともないりんりてきなかだいもしんこくかしてえるあるごりずむのえんけんぷらいばしいのしんがいこよおのそおしつなどしゃかいぜんたいでとりくむべきもんだいがさんせきしてえるぎじゅつのしんぽおきょおじゅするためにわそれにみあったせえどせっけえとしゃかいてきごおいのけえせえがふかけつである	AIぎじゅつのわってんにともないりんりてきなかだいもしんこくかしてえるあるごりずむのえんけんぷらいばしのしんがいこよおのそおしつなどしゃかいぜんたいでとりくむべきもんだいがさんせきしてえるぎじゅつのしんぽおきょおじゅするためにわそれにみあったせえどせっけえとしゃかいてきごおいのけえせえがふかけつである
5	アップデート直後からアプリに不具合が続出し、開発チームは対応に追われた。	あっぷでえとちょくごからあぷりにふぐあいがぞくしゅつしかいわつちいむわたいおにおわれた	あっぷでとちょくごからあぷりにふぐあいがぞくしゅつしかいわつちむわたいおにおわれた
5	あの会社は来月リモートワークを廃止するらしい。	あのかいしゃわらいげつりもおとわあくおわいしするらしい	あのかいしゃわらいげつりもとわくおわいしするらしい
5	あの教授は評価が厳しいことで、学生の間で知られている。	あのきょおじゅわひょおかがきびしいことでがくせえのあいだでしられてえる	あのきょおじゅわひょおかがきびしいことでがくせえのまでしられてえる
5	あの女優はいつも派手な服装で、パーティー会場でもすぐに目立っていた。	あのじょゆうわいつもわでなふくそおでぱあてぃいかいじょおでもすぐにめだってえた	あのじょゆうわいつもわでなふくそおでぱてぃかいじょおでもすぐにめだってえた
5	あまりに凄惨な現場を目の当たりにし、彼は恐怖に慄いた。	あまりにせえさんなげんばおまのあたりにしかれわきょおふにおののいた	あまりにせえさんなげんばおまのあたりにしかれわきょおふに慄いた
5	アルバイトのおかげで、お金だけでなく、人との話し方やチームワークの大切さも学びました。	あるばいとのおかげでおかねだけでなくひととのわなしかたやちいむわあくのたいせつさもまなびました	あるばいとのおかげでおかねだけでなくひととのわなしかたやちむわくのたいせつさもまなびました
5	アンケートによって収集したデータを、これから詳しく分析していきます。	あんけえとによってしゅうしゅうしたでえたおこれからくわしくぶんせきしてえきます	あんけとによってしゅうしゅうしたでたおこれからくわしくぶんせきしてえきます
5	えれべーたー	えれべえたあ	えれべた
5	エレベーターが故障したので、階段を使いましょう。	えれべえたあがこしょおしたのでかいだんおつかいましょお	えれべたがこしょおしたのでかいだんおつかいましょお
5	エレベーターで五階まで行きます。	えれべえたあでごかいまでえきます	えれべたでごかいまでえきます
5	エレベーターに乗ったら、三階のボタンを押してください。	えれべえたあにのったらさんがいのぼたんおしてください	えれべたにのったらさんかいのぼたんおしてください
5	エレベーターより階段を使うようにしている。	えれべえたあよりかいだんおつかうよおにしてえる	えれべたよりかいだんおつかうよおにしてえる
5	かつてこの国は、長い間外国の支配下に置かれていた。	かつてこのくにわながいあいだがいこくのしわいかにおかれてえた	かつてこのくにわながいまがいこくのしわいかにおかれてえた
5	かつてこの同盟の盟主として君臨した国も、今や往時の勢いはない。	かつてこのどおめえのめえしゅとしてくんりんしたくにもいまやさきときのいきおいわない	かつてこのどおめえのめえしゅとしてくんりんしたくにもいまやおじのいきおいわない
5	こーひー	こおひい	こひ
5	コーヒーか紅茶、どちらにしますか。	こおひいかこおちゃどちらにしますか	こひかこおちゃどちらにしますか
5	コーヒーでも飲みませんか。	こおひいでものみませんか	こひでものみませんか
5	コーヒーにしますか、それともお茶にしますか。	こおひいにしますかそれともおちゃにしますか	こひにしますかそれともおちゃにしますか
5	コーヒーになさいますか、それとも紅茶になさいますか。	こおひいになさいますかそれともこおちゃになさいますか	こひになさいますかそれともこおちゃになさいますか
5	コーヒーには砂糖を入れないほうが好きです。	こおひいにわさとおいれないほおがすきです	こひにわさとおいれないほおがすきです
5	コーヒーに砂糖を入れます。	こおひいにさとおいれます	こひにさとおいれます
5	コーヒーは苦いです。	こおひいわにがいです	こひわにがいです
5	コーヒーを一つ、お願いします。	こおひいおひとつおねがいします	こひおひとつおねがいします
5	コップを倒して、テーブルの上にジュースが零れてしまいました。	こっぷおたおしててえぶるのおえにじゅうすがこぼれてしまいました	こっぷおたおしててぶるのおえにじゅすがこぼれてしまいました
5	このエレベーターは故障することがあります。	このえれべえたあわこしょおすることがあります	このえれべたわこしょおすることがあります
5	このコーヒーは苦いので、砂糖を入れます。	このこおひいわにがいのでさとおいれます	このこひわにがいのでさとおいれます
5	このサービスを使うには、まずメールアドレスを登録する必要があります。	このさあびすおつかうにわまずめえるあどれすおとおろくするひつよおがあります	このさびすおつかうにわまずめるあどれすおとおろくするひつよおがあります
5	このサービスを利用するには、まずメールアドレスを登録する必要がある。	このさあびすおりよおするにわまずめえるあどれすおとおろくするひつよおがある	このさびすおりよおするにわまずめるあどれすおとおろくするひつよおがある
5	このスープは野菜が中心なので、カロリーが低いです。	このすうぷわやさいがちゅうしんなのでかろりいがひくいです	このすぷわやさいがちゅうしんなのでかろりがひくいです
5	このセーターは、洗濯するとひと回り縮んでしまった。	このせえたあわせんたくするとひとまわりちじんでしまった	このせたわせんたくするとひとまわりちじんでしまった
5	このセーターは洗濯機で洗ったら、ひとまわり縮んでしまった。	このせえたあわせんたくきであらったらひとまわりちじんでしまった	このせたわせんたくきであらったらひとまわりちじんでしまった
5	このセミナーの申込みは、明日までにしてください。	このせみなあのもおしこみわあしたまでにしてください	このせみなのさるこみわあしたまでにしてください
5	この駅の近くはスーパーも病院もあって、とても便利です。	このえきのちかくわすうぱあもびょおいんもあってとてもべんりです	このえきのちかくわすぱもびょおいんもあってとてもべんりです
5	この国の経済は、長い間、石炭を中心とした鉱業に支えられてきました。	このくにのけえざいわながいあいだせきたんおちゅうしんとしたこおぎょおにささえられてきました	このくにのけえざいわながいませきたんおちゅうしんとしたこおぎょおにささえられてきました
5	この雑誌は毎月末に発売され、若い女性の間で絶大な人気を誇っている。	このざっしわまいつきまつにわつばいされわかいじょせえのあいだでぜつだいなにんきおほこってえる	このざっしわまいつきまつにわつばいされわかいじょせえのまでぜつだいなにんきおほこってえる
5	この商品の品質は、メーカーが一年間保証しております。	このしょおひんのひんしつわめえかあがいちねんかんほしょおしております	このしょおひんのひんしつわめかがいちねんかんほしょおしております
5	この製品の品質は、メーカーが一年間保証している。	このせえひんのひんしつわめえかあがいちねんかんほしょおしてえる	このせえひんのひんしつわめかがいちねんかんほしょおしてえる
5	この製品はテレビ広告の効果もあって、若者の間で一気に知名度が上がった。	このせえひんわてれびこおこくのこおかもあってわかもののあいだでえっきにちめえどがあがった	このせえひんわてれびこおこくのこおかもあってわかもののまでえっきにちめえどがあがった
5	この店のラーメンは、スープが特別美味しいです。豚骨を十時間以上煮込んで作っています。一杯八百円です。	このみせのらあめんわすうぷがとくべつおいしいですとんこつおじゅうじかんいじょおにこんでつくってえますいっぱいわっぴゃくえんです	このみせのらめんわすぷがとくべつおいしいですぶたぼねおじゅうじかんいじょおにこんでつくってえますいちわいわちひゃくえんです
5	この店は年中無休で、朝九時から営業しております。	このみせわねんじゅうむきゅうであさくじからえぎょおしております	このみせわねんじゅうむきゅうであさきゅうじからえぎょおしております
5	この二つの出来事の間には、何ら因果関係は認められない。	このふたつのできごとのあいだにわなんらいんがかんけえわみとめられない	このふたつのできごとのまにわなんらいんがかんけえわみとめられない
5	この問題については、専門家の間でも見解が分かれている。	このもんだいについてわせんもんかのあいだでもけんかいがわかれてえる	このもんだいについてわせんもんかのまでもけんかいがわかれてえる
5	こんぴゅーたー	こんぴゅうたあ	こんぴゅた
5	さいきんはパンやコーヒーの朝ごはんもおおいです。	さいきんわぱんやこおひいのあさごわんもおいです	さいきんわぱんやこひのあさごわんもおいです
5	ジェットコースターが急降下すると、乗客たちは一斉に絶叫した。	じぇっとこおすたあがきゅうこおかするとじょおきゃくたちわいっせえにぜっきょおした	じぇっとこすたがきゅうこおかするとじょおきゃくたちわいっせえにぜっきょおした
5	しごとは九時からです。	しごとわくじからです	しごとわきゅうじからです
5	ジムに入会したものの、忙しくて一度しか行っていない。	じむににゅうかいしたもののいそがしくてえちどしかいってえない	じむににゅうかいしたもののいそがしくてえちどしかおこなってえない
5	すーぱー	すうぱあ	すぱ
5	スーパーで野菜を買います。	すうぱあでやさいおかいます	すぱでやさいおかいます
5	スーパーで卵と牛乳を買います。	すうぱあでたまごとぎゅうにゅうおかいます	すぱでたまごとぎゅうにゅうおかいます
5	スプーンでスープを飲みます。	すぷうんですうぷおのみます	すぷんですぷおのみます
5	スマートフォンのゲームは、思っている以上に電池を消費してしまう。	すまあとふぉんのげえむわおもってえるいじょおにでんちおしょおひしてしまう	すまとふぉんのげむわおもってえるいじょおにでんちおしょおひしてしまう
5	せーたー	せえたあ	せた
5	その映画は公開されてすぐに、若い人の間で話題になった。	そのえがわこおかいされてすぐにわかいひとのあいだでわだいになった	そのえがわこおかいされてすぐにわかいひとのまでわだいになった
5	その映画は公開前から、若者の間で大きな話題になっている。	そのえがわこおかいまえからわかもののあいだでおきなわだいになってえる	そのえがわこおかいまえからわかもののまでおきなわだいになってえる
5	その試合は今夜九時から全国に放送されるそうです。	そのしあいわこんやくじからぜんこくにほおそおされるそおです	そのしあいわこんやきゅうじからぜんこくにほおそおされるそおです
5	その調査結果の信頼性については、専門家の間でも疑問の声が上がっている。	そのちょおさけっかのしんらいせえについてわせんもんかのあいだでもぎもんのこえがあがってえる	そのちょおさけっかのしんらいせえについてわせんもんかのまでもぎもんのこえがあがってえる
5	その日は偶々休みだったので、彼を手伝ってあげられました。	そのひわたまたまやすみだったのでかれおてつだってあげられました	そのひわ偶々やすみだったのでかれおてつだってあげられました
5	たこ焼きは大阪の有名な食べ物です。小麦粉の中にたこを入れて、丸く焼きます。ソースとマヨネーズをかけて食べます。	たこやきわおさかのゆうめえなたべものですこむぎこのなかにたこおいれてまるくやきますそおすとまよねえずおかけてたべます	たこやきわおさかのゆうめえなたべものですこむぎこのなかにたこおいれてまるくやきますそすとまよねずおかけてたべます
5	チームで働くうえで、おたがいの信頼を築くための、基本的なコミュニケーションなのである。	ちいむでわたらくうえでおたがいのしんらいおきずくためのきほんてきなこみゅにけえしょんなのである	ちむでわたらくうえでおたがいのしんらいおきずくためのきほんてきなこみゅにけしょんなのである
5	データベースには各利用者の年齢や性別といった属性が記録されている。	でえたべえすにわかくりよおしゃのねんれえやせえべつといったぞくせえがきろくされてえる	でたべすにわかくりよおしゃのねんれえやせえべつといったぞくせえがきろくされてえる
5	どんなに急いでも、一日に読めるのは精々三十ページくらいだ。	どんなにいそいでもいちにちによめるのわせえぜえさんじゅっぺえじくらいだ	どんなにいそいでもいちにちによめるのわせえ々さんじゅうぺじくらいだ
5	どんな大帝国もいつかは滅びる。盛者必衰とはよく言ったものだ。	どんなたいてえこくもいつかわほろびるじょおしゃひっすいとわよくいったものだ	どんなたいてえこくもいつかわほろびるじょおしゃ必衰とわよくいったものだ
5	は	かなわ	わ
5	ぱーてぃー	ぱあてぃい	ぱてぃ
5	パーティーが終わっても、料理がまだたくさん残っていた。	ぱあてぃいがおわってもりょおりがまだたくさんのこってえた	ぱてぃがおわってもりょおりがまだたくさんのこってえた
5	パーティーに参加できるかどうかまだ決まっていません。	ぱあてぃいにさんかできるかどおかまだきまってえません	ぱてぃにさんかできるかどおかまだきまってえません
5	パーティーはとても楽しいです。	ぱあてぃいわとてもたのしいです	ぱてぃわとてもたのしいです
5	パーティー会場は華やかな飾りつけで、まるで別世界のようだった。	ぱあてぃいかいじょおわわなやかなかざりつけでまるでべっせかいのよおだった	ぱてぃかいじょおわわなやかなかざりつけでまるでべっせかいのよおだった
5	はがき	かなわがき	わがき
5	はく	かなわく	わく
5	はこ	かなわこ	わこ
5	パスワードを三回間違えると、このカードは無効になってしまいます。	ぱすわあどおさんかいまちがえるとこのかあどわむこおになってしまいます	ぱすわどおさんかいまちがえるとこのかどわむこおになってしまいます
5	はな	かなわな	わな
5	パリに滞在している間に、たくさんの芸術作品に触れることができた。	ぱりにたいざいしてえるあいだにたくさんのげえじゅつさくひんにふれることができた	ぱりにたいざいしてえるまにたくさんのげえじゅつさくひんにふれることができた
5	パンデミックにあって、多くの企業がリモートワークを導入した。	ぱんでみっくにあっておくのきぎょおがりもおとわあくおどおにゅうした	ぱんでみっくにあっておくのきぎょおがりもとわくおどおにゅうした
5	パンとコーヒーの朝ごはんも人気ですが、わたしはやっぱりごはんとみそしるが好きです。	ぱんとこおひいのあさごわんもにんきですがわたしわやっぱりごわんとみそしるがすきです	ぱんとこひのあさごわんもにんきですがわたしわやっぱりごわんとみそしるがすきです
5	ピッチャーが投げたボールは、想像以上に速かった。	ぴっちゃあがなげたぼおるわそおぞおいじょおにわやかった	ぴっちゃがなげたぼるわそおぞおいじょおにわやかった
5	フォークでケーキを食べます。	ふぉおくでけえきおたべます	ふぉくでけきおたべます
5	もし1億円あったとしたら、何をしますか。	もしいちおくえんあったとしたらなにおしますか	もしおくえんあったとしたらなにおしますか
5	リーダーたる者、部下に命じる前に自ら率先垂範すべきだ。	りいだあたるものぶかにめえじるまえにみずからそっせんすいわんすべきだ	りだたるしゃぶかにめえじるまえにみずからそっせんすいわんすべきだ
5	リモートワークの普及により、地方への移住を考える人が増えています。総務省の調査では、東京圏から地方への転出者数が、過去最高を記録したことが分かりました。特に三十代から四十代の働き盛りの世代に多い傾向が見られます。	りもおとわあくのふきゅうによりちほおえのいじゅうおかんがえるひとがふえてえますそおむしょおのちょおさでわとおきょおけんからちほおえのてんしゅつしゃすうがかこさいこおきろくしたことがわかりましたとくにさんじゅうだいからよんじゅうだいのわたらきざかりのせだいにおいけえこおがみられます	りもとわくのふきゅうによりちほおえのいじゅうおかんがえるひとがふえてえますそおむしょおのちょおさでわとおきょおけんからちほおえのてんしゅつしゃすうがかこさいこおきろくしたことがわかりましたとくにさんじゅうだいからよんじゅうだいのわたらきざかりのせだいにおいけえこおがみられます
5	リモートワークの普及に伴って、地方移住を選ぶ人が増えている。	りもおとわあくのふきゅうにともなってちほおいじゅうおえらぶひとがふえてえる	りもとわくのふきゅうにともなってちほおいじゅうおえらぶひとがふえてえる
5	わが社の技術は、すでに世界のトップメーカーに匹敵する水準に達している。	わがしゃのぎじゅつわすでにせかいのとっぷめえかあにひってきするすいじゅんにたっしてえる	わがしゃのぎじゅつわすでにせかいのとっぷめかにひってきするすいじゅんにたっしてえる
5	わたしはコーヒーのほうが好きです。	わたしわこおひいのほおがすきです	わたしわこひのほおがすきです
5	わたしは料理が得意なので、よくパーティーを開きます。	わたしわりょおりがとくいなのでよくぱあてぃいおひらきます	わたしわりょおりがとくいなのでよくぱてぃおひらきます
5	圧政に耐えかねた民衆を率い、彼はついに都で挙兵した。	あっせえにたえかねたみんしゅうおひきいかれわついにみやこできょえした	あっせえにたえかねたみんしゅうおひきいかれわついにとできょえした
5	以前は現金しか使えない店が多かったが、今ではスマートフォンやカードで支払える店が増えている。	いぜんわげんきんしかつかえないみせがおかったがいまでわすまあとふぉんやかあどでしわらえるみせがふえてえる	いぜんわげんきんしかつかえないみせがおかったがいまでわすまとふぉんやかどでしわらえるみせがふえてえる
5	遺産の相続をめぐって、兄弟の間で激しい争いが起きてしまった。	いさんのそおぞくおめぐってきょおだいのあいだでわげしいあらそいがおきてしまった	いさんのそおぞくおめぐってきょおだいのまでわげしいあらそいがおきてしまった
5	一度芽生えた猜疑の念は、二人の間に取り返しのつかない溝を生んだ。	いちどめばえたさいぎのねんわふたりのあいだにとりかえしのつかないみぞおんだ	いちどめばえたさいぎのねんわににんのまにとりかえしのつかないみぞおんだ
5	一連の調査結果は、両者の間に何らかの関連があることを強く示唆している。	いちれんのちょおさけっかわりょおしゃのあいだになんらかのかんれんがあることおつよくしさしてえる	いちれんのちょおさけっかわりょおしゃのまになんらかのかんれんがあることおつよくしさしてえる
5	駅前に大型スーパーができて、この辺りの暮らしは格段に便利になった。	えきまえにおがたすうぱあができてこのあたりのくらしわかくだんにべんりになった	えきまえにおがたすぱができてこのあたりのくらしわかくだんにべんりになった
5	駅前の店で天ぷら丼を注文しました。	えきまえのみせでてんぷらどんおちゅうもんしました	えきまえのみせでてんぷらどんぶりおちゅうもんしました
5	円安の影響で輸入原料が高騰し、多くのメーカーが値上げを迫られた。	えんやすのえきょおでゆにゅうげんりょおがこおとおしおくのめえかあがねあげおせまられた	えんやすのえきょおでゆにゅうげんりょおがこおとおしおくのめかがねあげおせまられた
5	何度計算しても、理論値との間にわずかな誤差が生じてしまう。	なんどけえさんしてもりろんちとのあいだにわずかなごさがしょおじてしまう	なんどけえさんしてもりろんちとのまにわずかなごさがしょおじてしまう
5	会社の帰りにスーパーに寄って、夕飯の材料を買いました。	かいしゃのかえりにすうぱあによってゆうわんのざいりょおかいました	かいしゃのかえりにすぱによってゆうわんのざいりょおかいました
5	学会の初日の夜には、参加者同士の懇親を目的とした立食パーティーがある。	がっかいのしょにちのよるにわさんかしゃどおしのこんしんおもくてきとしたりっしょくぱあてぃいがある	がっかいのしょにちのよるにわさんかしゃどおしのこんしんおもくてきとしたりっしょくぱてぃがある
5	寒いので、セーターを着ます。	さむいのでせえたあおきます	さむいのでせたおきます
5	気候変動への対応は、もはや一国の問題ではなく、地球規模での協調が求められている。先進国と発展途上国の間の利害調整、技術移転、資金援助など、解決すべき課題は多岐にわたる。次世代に持続可能な地球を引き継ぐためには、今こそ国際社会の結束が試されている。	きこおえんどおえのたいおわもわやいっこくのもんだいでわなくちきゅうきぼでのきょおちょおがもとめられてえるせんしんこくとわってんとじょおこくのあいだのりがいちょおせえぎじゅついてんしきんえんじょなどかいけつすべきかだいわたきにわたるじせだいにじぞくかのおなちきゅうおひきつぐためにわいまこそこくさいしゃかいのけっそくがためされてえる	きこおえんどおえのたいおわもわやいちこくのもんだいでわなくちきゅうきぼでのきょおちょおがもとめられてえるせんしんこくとわってんとじょおこくのまのりがいちょおせえぎじゅついてんしきんえんじょなどかいけつすべきかだいわたきにわたるじせだいにじぞくかのおなちきゅうおひきつぐためにわいまこそこくさいしゃかいのけっそくがためされてえる
5	汽笛を一つ鳴らして、大型客船はゆっくりと埠頭を離岸していった。	きてきおひとつならしておがたきゃくせんわゆっくりとふとおりがんしてえった	きてきおひとつならしておがたきゃくせんわゆっくりとふとおわなれがんしてえった
5	起きます→起きる／起きない	おきますおきるおきない	おきます→おきる／おきない
5	議論が噛み合わないのは、そもそも用語の定義が両者の間で食い違っているからだ。	ぎろんがかみあわないのわそもそもよおごのてえぎがりょおしゃのあいだでくいちがってえるからだ	ぎろんがかみあわないのわそもそもよおごのてえぎがりょおしゃのまでくいちがってえるからだ
5	休む→休んで、使う→使って	やすむやすんでつかうつかって	やすむ→やすんでつかう→つかって
5	近所に新しいスーパーができました。	きんじょにあたらしいすうぱあができました	きんじょにあたらしいすぱができました
5	金曜日に友だちのパーティーへ行きます。	きんよおびにともだちのぱあてぃいえきます	きんよおびにともだちのぱてぃえきます
5	銀行と郵便局の間にお店があります。	ぎんこおとゆうびんきょくのあいだにおみせがあります	ぎんこおとゆうびんきょくのまにおみせがあります
5	九時に授業を始めます。	くじにじゅぎょおわじめます	きゅうじにじゅぎょおわじめます
5	景気回復の兆候がようやく現れ始めたと、専門家の間で囁かれている。	けえきかいふくのちょおこおがよおやくあらわれわじめたとせんもんかのあいだでささやかれてえる	けえきかいふくのちょおこおがよおやくあらわれわじめたとせんもんかのまでささやかれてえる
5	経営陣と現場との間には、長年にわたる根深い軋轢があった。	けえじんとげんばとのあいだにわながねんにわたるねぶかいあつれきがあった	けえじんとげんばとのまにわながねんにわたるねぶかいあつれきがあった
5	軽犯罪法違反で有罪となった男は、裁判所から十日間の拘留を命じられた。	けえわんざいほおいわんでゆうざいとなったおとこわさいばんしょからとおかかんのこおりゅうおめえじられた	けえわんざいほおいわんでゆうざいとなったおとこわさいばんしょからじゅうにちかんのこおりゅうおめえじられた
5	欠陥が判明したため、メーカーは該当製品をすべて回収すると発表した。	けっかんがわんめえしたためめえかあわがいとおせえひんおすべてかいしゅうするとわっぴょおした	けっかんがわんめえしたためめかわがいとおせえひんおすべてかいしゅうするとわっぴょおした
5	顧客アンケートをもとにして、サービスを改善した。	こきゃくあんけえとおもとにしてさあびすおかいぜんした	こきゃくあんけとおもとにしてさびすおかいぜんした
5	公園でスニーカーを履いて走ります。	こおえんですにいかあおわいてわしります	こおえんですにかおわいてわしります
5	今シーズンのチームは好調で、優勝も夢ではないと監督は語った。	こんしいずんのちいむわこおちょおでゆうしょおもゆめでわないとかんとくわかたった	こんしずんのちむわこおちょおでゆうしょおもゆめでわないとかんとくわかたった
5	今回のプロジェクトの成否は、リーダーの力量にかかっていると言っても過言ではない。	こんかいのぷろじぇくとのせえひわりいだあのりきりょおにかかってえるといってもかごんでわない	こんかいのぷろじぇくとのせえひわりだのりきりょおにかかってえるといってもかごんでわない
5	今日は黒ずくめのコーディネートで出かけた。	きょおわくろずくめのこおでぃねえとででかけた	きょおわくろずくめのこでぃねとででかけた
5	最近、レジ袋の有料化が進んでいます。多くのスーパーでは、一枚三円から五円かかります。エコバッグを持参する人が増えています。	さいきんれじぶくろのゆうりょおかがすすんでえますおくのすうぱあでわいちまいさんえんからごえんかかりますえこばっぐおじさんするひとがふえてえます	さいきんれじぶくろのゆうりょおかがすすんでえますおくのすぱでわいちまいさんえんからごえんかかりますえこばっぐおじさんするひとがふえてえます
5	最近、若い人たちの間でも政治への関心が高まってきました。	さいきんわかいひとたちのあいだでもせえじえのかんしんがたかまってきました	さいきんわかいひとたちのまでもせえじえのかんしんがたかまってきました
5	最近は外国から輸入された果物がスーパーでよく売られている。	さいきんわがいこくからゆにゅうされたくだものがすうぱあでよくうられてえる	さいきんわがいこくからゆにゅうされたくだものがすぱでよくうられてえる
5	傘を忘れて、駅まで歩く間にすっかり濡れてしまった。	かさおわすれてえきまであるくあいだにすっかりぬれてしまった	かさおわすれてえきまであるくまにすっかりぬれてしまった
5	使者は貢ぎ物を朝廷に恭しく奉った。	ししゃわみつぎものおちょおてえにうやうやしくたてまつった	ししゃわみつぎぶつおちょおてえにうやうやしくまつった
5	市街地と言わず郊外と言わず、町中がお祭りムードに包まれた。	しがいちといわずこおがいといわずまちじゅうがおまつりむうどにつつまれた	しがいちといわずこおがいといわずまちなかがおまつりむどにつつまれた
5	私は卵アレルギーがあるので、このケーキは食べられません。	わたしわたまごあれるぎいがあるのでこのけえきわたべられません	わたしわたまごあれるぎがあるのでこのけきわたべられません
5	時々コーヒーを飲みます。	ときどきこおひいおのみます	ときどきこひおのみます
5	社内の規則で、勤務時間は午前九時から午後六時までと規定されています。	しゃないのきそくできんむじかんわごぜんくじからごごろくじまでときてえされてえます	しゃないのきそくできんむじかんわごぜんきゅうじからごごろくじまでときてえされてえます
5	社内規則で、勤務時間は九時から六時までと規定されている。	しゃないきそくできんむじかんわくじからろくじまでときてえされてえる	しゃないきそくできんむじかんわきゅうじからろくじまでときてえされてえる
5	若い世代の間で、環境に配慮した農業への関心が高まっている。	わかいせだいのあいだでかんきょおにわいりょしたのおぎょおえのかんしんがたかまってえる	わかいせだいのまでかんきょおにわいりょしたのおぎょおえのかんしんがたかまってえる
5	取り調べの間、容疑者は一貫して黙秘し、一言も語ろうとしなかった。	とりしらべのあいだよおぎしゃわいっかんしてもくひしひとこともかたろおとしなかった	とりしらべのまよおぎしゃわいっかんしてもくひしひとこともかたろおとしなかった
5	授業は九時に始まります。	じゅぎょおわくじにわじまります	じゅぎょおわきゅうじにわじまります
5	需要の急激な高まりを受け、メーカーは主力製品を大幅に増産することを決めた。	じゅよおのきゅうげきなたかまりおけめえかあわしゅりょくせえひんおわばにぞおさんすることおきめた	じゅよおのきゅうげきなたかまりおけめかわしゅりょくせえひんおわばにぞおさんすることおきめた
5	就活中の学生にとって、この情報は貴重だ。	しゅうかつちゅうのがくせえにとってこのじょおほおわきちょおだ	就かつちゅうのがくせえにとってこのじょおほおわきちょおだ
5	週末にスーパーで一週間分の食料品を買います。	しゅうまつにすうぱあでえっしゅうかんぶんのしょくりょおひんおかいます	しゅうまつにすぱでえちしゅうかんぶんのしょくりょおひんおかいます
5	週末に限らず、平日もリモートワーク可能な会社が増えた。	しゅうまつにかぎらずえじつもりもおとわあくかのおなかいしゃがふえた	しゅうまつにかぎらずえじつもりもとわくかのおなかいしゃがふえた
5	出張で不在の間に、会社で人事異動が発表された。	しゅっちょおでふざいのあいだにかいしゃでじんじいどおがわっぴょおされた	しゅっちょおでふざいのまにかいしゃでじんじいどおがわっぴょおされた
5	上司の怒りを買った同僚のために、私が間に入って取り成すはめになった。	じょおしのいかりおかったどおりょおのためにわたしがあいだにわいってとりなすわめになった	じょおしのいかりおかったどおりょおのためにわたしがまにわいってとりなすわめになった
5	新しいコンピューターは、前のより動きが速いです。	あたらしいこんぴゅうたあわまえのよりうごきがわやいです	あたらしいこんぴゅたわまえのよりうごきがわやいです
5	新しい制度については、社員の間でも意見が分かれ、議論が続いている。	あたらしいせえどについてわしゃいんのあいだでもいけんがわかれぎろんがつずいてえる	あたらしいせえどについてわしゃいんのまでもいけんがわかれぎろんがつずいてえる
5	世は事もなし――なべて平穏なうちに、また一年が過ぎていった。	よわこともなしなべてえおんなうちにまたいちねんがすぎてえった	よわこともなし――なべてえおんなうちにまたいちねんがすぎてえった
5	先を行くランナーに追い付くには、相当なペースアップが必要だ。	さきおいくらんなあにおいつくにわそおとおなぺえすあっぷがひつよおだ	さきおいくらんなにおいつくにわそおとおなぺすあっぷがひつよおだ
5	戦火で焼失した天守閣は、市民の寄付によって往時のままに再建された。	せんかでしょおしつしたてんしゅかくわしみんのきふによってさきときのままにさいけんされた	せんかでしょおしつしたてんしゅかくわしみんのきふによっておじのままにさいけんされた
5	祖父の米寿を祝って、家族みんなで盛大なパーティーを開いた。	そふのべえじゅおいわってかぞくみんなでせえだいなぱあてぃいおひらいた	そふのべえじゅおいわってかぞくみんなでせえだいなぱてぃおひらいた
5	創立百周年を記念して、ホテルの大広間で豪華なパーティーが催された。	そおりつひゃくしゅうねんおきねんしてほてるのおひろまでごおかなぱあてぃいがもよおされた	そおりつひゃくしゅうねんおきねんしてほてるのおひろまでごおかなぱてぃがもよおされた
5	走る→走った、見る→見た	わしるわしったみるみた	わしる→わしったみる→みた
5	大人はもちろん、子供にも人気のあるテーマパークだ。	おとなわもちろんこどもにもにんきのあるてえまぱあくだ	おとなわもちろんこどもにもにんきのあるてまぱくだ
5	知らない間に時間が過ぎていた。	しらないあいだにじかんがすぎてえた	しらないまにじかんがすぎてえた
5	朝、コーヒーを飲みます。	あさこおひいおのみます	あさこひおのみます
5	朝6時に起きられるようになった。	あさろくじにおきられるよおになった	あさじにおきられるよおになった
5	朝6時に散歩します。	あさろくじにさんぽします	あさじにさんぽします
5	朝はおにぎりとコーヒーを買います。	あさわおにぎりとこおひいおかいます	あさわおにぎりとこひおかいます
5	町には大きなビルはありませんが、ゆうびんきょくやびょういん、スーパーがあります。	まちにわおきなびるわありませんがゆうびんきょくやびょおいんすうぱあがあります	まちにわおきなびるわありませんがゆうびんきょくやびょおいんすぱがあります
5	調査の結果は、来月中にホームページ上で一般に公開される。	ちょおさのけっかわらいげつちゅうにほおむぺえじじょおでえっぱんにこおかいされる	ちょおさのけっかわらいげつちゅうにほむぺじじょおでえっぱんにこおかいされる
5	長い間掃除していなかったので、机の上が砂でざらざらしていた。	ながいあいだそおじしてえなかったのでつくえのおえがすなでざらざらしてえた	ながいまそおじしてえなかったのでつくえのおえがすなでざらざらしてえた
5	長年の実績に裏打ちされた威望が、彼の発言に重みを与えている。	ながねんのじっせきにうらうちされたいぼおがかれのわつげんにおもみおあたえてえる	ながねんのじっせきにうらうちされたたけしもちがかれのわつげんにおもみおあたえてえる
5	締め切りに追われ、気づけば無我夢中で朝までキーボードを叩いていた。	しめきりにおわれきずけばむがむちゅうであさまできいぼおどおたたいてえた	しめきりにおわれきずけばむがむちゅうであさまできぼどおたたいてえた
5	締め切り前の彼の机は、資料が乱雑に積まれて足の踏み場もない。	しめきりまえのかれのつくえわしりょおがらんざつにつまれてあしのふみばもない	しめきりまえのかれのつくえわしりょおがらんざつにつまれてあしのふみじょおもない
5	締切まで1日で全部終わらせっこない。	しめきりまでえちにちでぜんぶおわらせっこない	しめきりまでにちでぜんぶおわらせっこない
5	店に着いたら、まず制服に着がえて、手をきれいに洗います。	みせについたらまずせえふくにきがえてておきれえにあらいます	みせについたらまずせえふくにちゃくがえてておきれえにあらいます
5	店は九時に閉まります。	みせわくじにしまります	みせわきゅうじにしまります
5	転校して間もないが、彼はすっかり新しいクラスに馴染んだようだ。	てんこおしてあいだもないがかれわすっかりあたらしいくらすになじんだよおだ	てんこおしてまもないがかれわすっかりあたらしいくらすになじんだよおだ
5	電子マネーの普及により、現金を使わずに買い物ができるようになりました。特に若い世代では、スマートフォンでの支払いが主流になっています。	でんしまねえのふきゅうによりげんきんおつかわずにかいものができるよおになりましたとくにわかいせだいでわすまあとふぉんでのしわらいがしゅりゅうになってえます	でんしまねのふきゅうによりげんきんおつかわずにかいものができるよおになりましたとくにわかいせだいでわすまとふぉんでのしわらいがしゅりゅうになってえます
5	電車が遅れたため、乗客はホームで長い間待たされました。	でんしゃがおくれたためじょおきゃくわほおむでながいあいだまたされました	でんしゃがおくれたためじょおきゃくわほむでながいかんまたされました
5	都心のマンションだけあって、庭と呼べるのは猫の額ほどのスペースしかない。	としんのまんしょんだけあってにわとよべるのわねこのひたいほどのすぺえすしかない	としんのまんしょんだけあってにわとよべるのわねこのがくほどのすぺすしかない
5	当時は議会の承認を経ずとも、勅令一つで法律に等しい効力を持たせることができた。	とおじわぎかいのしょおにんおえずともちょくれえひとつでほおりつにひとしいこおりょくおもたせることができた	とおじわぎかいのしょおにんおえずともみことのりれえひとつでほおりつにひとしいこおりょくおもたせることができた
5	当店は年中無休で、朝九時から夜十時まで営業しております。	とおてんわねんじゅうむきゅうであさくじからよるじゅうじまでえぎょおしております	とおてんわねんじゅうむきゅうであさきゅうじからよるじゅうじまでえぎょおしております
5	日本に住んで1年目にしては、よく敬語を使いこなしているね。	にっぽんにすんでえちねんめにしてわよくけえごおつかいこなしてえるね	にっぽんにすんでねんめにしてわよくけえごおつかいこなしてえるね
5	日本語の授業は九時から始まります。	にほんごのじゅぎょおわくじからわじまります	にほんごのじゅぎょおわきゅうじからわじまります
5	日曜日はたいてい家にいる。	にちよおびわたいてえにいる	にちよおびわたいてえいえにいる
5	入力した値に応じて結果が決まるこの仕組みは、一種の関数とみなせる。	にゅうりょくしたあたいにおじてけっかがきまるこのしくみわいっしゅのかんすうとみなせる	にゅうりょくしたねにおじてけっかがきまるこのしくみわいっしゅのかんすうとみなせる
5	認識の食い違いから、両者の間に深刻な対立が生じてしまった。	にんしきのくいちがいからりょおしゃのあいだにしんこくなたいりつがしょおじてしまった	にんしきのくいちがいからりょおしゃのまにしんこくなたいりつがしょおじてしまった
5	年末の棚卸しで、帳簿と実在庫との間に無視できない差異があることが判明した。	ねんまつのたなおろしでちょおぼとじつざいことのあいだにむしできないさいがあることがわんめえした	ねんまつのたなおろしでちょおぼとじつざいことのまにむしできないさいがあることがわんめえした
5	彼には人を惹きつけるリーダーとしての素質が備わっている。	かれにわひとおひきつけるりいだあとしてのそしつがそなわってえる	かれにわひとおひきつけるりだとしてのそしつがそなわってえる
5	彼は学生時代、寝る間も惜しんで研究に打ち込んでいた。	かれわがくせえじだいねるあいだもおしんでけんきゅうにうちこんでえた	かれわがくせえじだいねるまもおしんでけんきゅうにうちこんでえた
5	彼は若くして、新しいプロジェクトのリーダーに任命されました。	かれわわかくしてあたらしいぷろじぇくとのりいだあににんめえされました	かれわわかくしてあたらしいぷろじぇくとのりだににんめえされました
5	彼は渾身の力を込めて、最後のひと押しでゴールテープを切った。	かれわこんしんのちからおこめてさいごのひとおしでごおるてえぷおきった	かれわこんしんのちからおこめてさいごのひとおしでごるてぷおきった
5	彼女には、生まれつきリーダーとしての資質が備わっている。	かのじょにわうまれつきりいだあとしてのししつがそなわってえる	かのじょにわうまれつきりだとしてのししつがそなわってえる
5	彼女は世間の批判にも頑なに自らの信念を貫き通した。	かのじょわせけんのひわんにもかたくなにみずからのしんねんおつらぬきとおした	かのじょわせけんのひわんにも頑なにみずからのしんねんおつらぬきとおした
5	彼女は派手な色のドレスを着てパーティーに来ました。	かのじょわわでないろのどれすおきてぱあてぃいにきました	かのじょわわでないろのどれすおきてぱてぃにきました
5	疲れているときは、少し濃いめのコーヒーを飲むようにしています。	つかれてえるときわすこしこいめのこおひいおのむよおにしてえます	つかれてえるときわすこしこいめのこひおのむよおにしてえます
5	品質を維持するため、当社は部品の製造をすべて国内工場で行っている。	ひんしつおいじするためとおしゃわぶひんのせえぞおすべてこくないこおじょおでえってえる	ひんしつおいじするためとおしゃわぶひんのせえぞおすべてこくないこおじょおでおこなってえる
5	平日にもかかわらず、人気のベーカリーには行列ができていた。	えじつにもかかわらずにんきのべえかりいにわぎょおれつができてえた	えじつにもかかわらずにんきのべかりにわぎょおれつができてえた
5	母とスーパーで買い物をしました。	わわとすうぱあでかいものおしました	わわとすぱでかいものおしました
5	報連相は、単なるルールではない。	むくいれんしょおわたんなるるうるでわない	ほおれんしょおわたんなるるるでわない
5	本事業は来年3月をもって終了する予定です。	ほんじぎょおわらいねんさんがつおもってしゅうりょおするよてえです	ほんじぎょおわらいねんつきおもってしゅうりょおするよてえです
5	本日はお忙しい中ありがとうございました。それでは、失礼いたします。	ほんじつわおいそがしいなかありがとおございましたそれでわしつれえたします	ほんじつわおいそがしいちゅうありがとおございましたそれでわしつれえいたします
5	毎朝、コーヒーを飲みます。	まいあさこおひいおのみます	まいあさこひおのみます
5	民主主義の社会では、一人一人の意見が尊重されなければならない。	みんしゅしゅぎのしゃかいでわひとりひとりのいけんがそんちょおされなければならない	みんしゅしゅぎのしゃかいでわいちにんいちにんのいけんがそんちょおされなければならない
5	明日のパーティーは、夜七時から、駅前のレストランで行います。みなさん、忘れないでください。	あしたのぱあてぃいわよるしちじからえきまえのれすとらんでおこないますみなさんわすれないでください	あしたのぱてぃわよるななじからえきまえのれすとらんでおこないますみなさんわすれないでください
5	明日は九時までに必ず来てください。	あしたわくじまでにかならずきてください	あしたわきゅうじまでにかならずきてください
5	面接には、きちんとした服装で行ったほうがいいですよ。	めんせつにわきちんとしたふくそおでえったほおがいですよ	めんせつにわきちんとしたふくそおでおこなったほおがいですよ
5	面接の間、彼は頻りに時計を気にしていて落ち着かない様子だった。	めんせつのあいだかれわしきりにとけえおきにしてえておちつかないよおすだった	めんせつのまかれわしきりにとけえおきにしてえておちつかないよおすだった
5	友達と喫茶店でコーヒーを飲みました。	ともだちときっさてんでこおひいおのみました	ともだちときっさてんでこひおのみました
5	来月から新しいメンバーが二人、私たちのチームに加わる予定だ。	らいげつからあたらしいめんばあがふたりわたしたちのちいむにくわわるよてえだ	らいげつからあたらしいめんばがににんわたしたちのちむにくわわるよてえだ
5	来春の人事について、上層部の間で早くも水面下の駆け引きが始まっているらしい。	らいしゅんのじんじについてじょおそおぶのあいだでわやくもすいめんかのかけひきがわじまってえるらしい	らいしゅんのじんじについてじょおそおぶのまでわやくもすいめんかのかけひきがわじまってえるらしい
5	来年度の新入社員を、現在ホームページ上で募集しています。	らいねんどのしんにゅうしゃいんおげんざいほおむぺえじじょおでぼしゅうしてえます	らいねんどのしんにゅうしゃいんおげんざいほむぺじじょおでぼしゅうしてえます
5	利用者の急増を受けて、駅にはエレベーターが増設された。	りよおしゃのきゅうぞおけてえきにわえれべえたあがぞおせつされた	りよおしゃのきゅうぞおけてえきにわえれべたがぞおせつされた
5	理想と現実の間には、いつも大きな差があるものだ。	りそおとげんじつのあいだにわいつもおきなさがあるものだ	りそおとげんじつのまにわいつもおきなさがあるものだ
5	理由はいろいろあるだろうが、兎に角、締め切りだけは守ってほしい。	りゆうわいろいろあるだろおがとにかくしめきりだけわまもってほしい	りゆうわいろいろあるだろおがうさぎにかくしめきりだけわまもってほしい
5	率直に意見を言い合える雰囲気を醸成することが、リーダーの務めだ。	そっちょくにいけんおいあえるふんいきおじょおせえすることがりいだあのつとめだ	そっちょくにいけんおいあえるふんいきおじょおせえすることがりだのつとめだ
5	留守の間に宅配便が届いた。	るすのあいだにたくわいびんがとどいた	るすのまにたくわいびんがとどいた
5	旅行の荷物をスーツケースに詰めるのに、思ったより時間がかかった。	りょこおのにもつおすうつけえすにつめるのにおもったよりじかんがかかった	りょこおのにもつおすつけすにつめるのにおもったよりじかんがかかった
5	旅行の間に水をやり忘れて、大切な観葉植物が枯れてしまった。	りょこおのあいだにみずおやりわすれてたいせつなかんよおしょくぶつがかれてしまった	りょこおのまにみずおやりわすれてたいせつなかんよおしょくぶつがかれてしまった
5	両社の間では激しい価格競争が繰り広げられている。	りょおしゃのあいだでわわげしいかかくきょおそおがくりひろげられてえる	りょおしゃのまでわわげしいかかくきょおそおがくりひろげられてえる
5	隣人同士の騒音トラブルを、市の担当者が間に入って調停した。	りんじんどおしのそおんとらぶるおしのたんとおしゃがあいだにわいってちょおてえした	りんじんどおしのそおんとらぶるおしのたんとおしゃがまにわいってちょおてえした
5	話す→話して、急ぐ→急いで	わなすわなしてえそぐいそいで	わなす→わなしてえそぐ→いそいで
3	～あいだに	あいだに	～あいだに
3	～うちに	うちに	～うちに
3	～おかげで	おかげで	～おかげで
3	～がち	がち	～がち
3	～から	から	～から
3	～からには	からにわ	～からにわ
3	～かわりに	かわりに	～かわりに
3	～ぎみ	ぎみ	～ぎみ
3	～くせに	くせに	～くせに
3	～ことがある	ことがある	～ことがある
3	～ことだ	ことだ	～ことだ
3	～ことにする	ことにする	～ことにする
3	～ことになる	ことになる	～ことになる
3	～さえ	さえ	～さえ
3	～ざるを得ない	ざるおえない	～ざるおえない
3	～しか	しか	～しか
3	～すら	すら	～すら
3	～せいで	せえで	～せえで
3	～だけ	だけ	～だけ
3	～ために	ために	～ために
3	～たら	たら	～たら
3	～っぽい	っぽい	～っぽい
3	～てある	てある	～てある
3	～ていく	てえく	～てえく
3	～ている	てえる	～てえる
3	～ておく	ておく	～ておく
3	～てくる	てくる	～てくる
3	～てしまう	てしまう	～てしまう
3	～てほしい	てほしい	～てほしい
3	～てみる	てみる	～てみる
3	～と	と	～と
3	～というより	というより	～というより
3	～どころか	どころか	～どころか
3	～としたら	としたら	～としたら
3	～とすると	とすると	～とすると
3	～とすれば	とすれば	～とすれば
3	～ないわけにはいかない	ないわけにわいかない	～ないわけにわいかない
3	～なくなる	なくなる	～なくなる
3	～なら	なら	～なら
3	～にあたり	にあたり	～にあたり
3	～にかかわらず	にかかわらず	～にかかわらず
3	～について	について	～について
3	～にとって	にとって	～にとって
3	～にもかかわらず	にもかかわらず	～にもかかわらず
3	～によって	によって	～によって
3	～に違いない	にちがいない	～にちがいない
3	～に応じて	におじて	～におじて
3	～に関して	にかんして	～にかんして
3	～に基づいて	にもとずいて	～にもとずいて
3	～に決まっている	にきまってえる	～にきまってえる
3	～に相違ない	にそおいない	～にそおいない
3	～に対して	にたいして	～にたいして
3	～に当たって	にあたって	～にあたって
3	～ので	ので	～ので
3	～のに	のに	～のに
3	～のみ	のみ	～のみ
3	～のみならず	のみならず	～のみならず
3	～ば	ば	～ば
3	～ばかり	ばかり	～ばかり
3	～ばかりか	ばかりか	～ばかりか
3	～はずだ	わずだ	～わずだ
3	～べきだ	べきだ	～べきだ
3	～まで	まで	～まで
3	～まに	まに	～まに
3	～みたいだ	みたいだ	～みたいだ
3	～ものだ	ものだ	～ものだ
3	～ようだ	よおだ	～よおだ
3	～ように	よおに	～よおに
3	～ようにする	よおにする	～よおにする
3	～ようになる	よおになる	～よおになる
3	～らしい	らしい	～らしい
3	～わけだ	わけだ	～わけだ
3	～わけにはいかない	わけにわいかない	～わけにわいかない
3	～をもとに	おもとに	～おもとに
3	～を通じて	おつうじて	～おつうじて
3	～を問わず	おとわず	～おとわず
3	～以上	いじょお	～いじょお
3	～一方で	いっぽおで	～いっぽおで
3	～気味	ぎみ	～ぎみ
3	～向き	むき	～むき
3	～向け	むけ	～むけ
3	～際に	さいに	～ぎわに
3	～次第	しだい	～しだい
3	～上で	じょおで	～じょおで
3	～上に	じょおに	～じょおに
3	～上は	じょおわ	～じょおわ
3	～反面	わんめん	～わんめん
3	3日間にわたって国際会議が行われた。	みっかかんにわたってこくさいかいぎがおこなわれた	にちかんにわたってこくさいかいぎがおこなわれた
3	5キロ走り続けました。	ごきろわしりつずけました	きろわしりつずけました
3	5年ぶりに母校を訪れた。	ごねんぶりにぼこおとずれた	ねんぶりにぼこおとずれた
3	A：いっしょに カフェに いきませんか。。B：すみません、いま いそがしいです。あした なら いいですよ。	えいっしょにかふぇにいきませんかびいすみませんいまいそがしいですあしたならいですよ	A：いっしょにかふぇにいきませんかB：すみませんいまいそがしいですあしたならいですよ
3	A：いま なんじですか。。B：くじはんです。	えいまなんじですかびいくじわんです	A：いまなんじですかB：くじわんです
3	A：いらっしゃいませ。。B：アイスコーヒーをひとつください。サイズはMで。。A：はい、四百円になります。	えいらっしゃいませびいあいすこおひいおひとつくださいさいずわえむでえわいよんひゃくえんになります	A：いらっしゃいませB：あいすこひおひとつくださいさいずわMでA：わいよんひゃくえんになります
3	A：きょうは なんにちですか。。B：にがつ じゅうごにちです。	えきょおわなんにちですかびいにがつじゅうごにちです	A：きょおわなんにちですかB：にがつじゅうごにちです
3	A：このシャツはいくらですか。。B：三千五百円です。今セール中で、二着買うと二割引になります。。A：じゃあ二着お願いします。	えこのしゃつわいくらですかびいさんぜんごひゃくえんですこんせえるちゅうでにちゃくかうとにわりびきになりますえじゃあにちゃくおねがいします	A：このしゃつわいくらですかB：さんせんごひゃくえんですこんせるちゅうでにちゃくかうとにわりびきになりますA：じゃあにちゃくおねがいします
3	A：システム障害の件、お客様からのクレームが増えています。。B：技術部からの報告では、明日の午前中には復旧する見込みです。。A：それまでの間、お客様への説明はどうしましょう。。B：公式サイトに詳細を掲載し、個別にも対応しましょう。	えしすてむしょおがいのけんおきゃくさまからのくれえむがふえてえますびいぎじゅつぶからのほおこくでわあしたのごぜんちゅうにわふっきゅうするみこみですえそれまでのあいだおきゃくさまえのせつめえわどおしましょおびいこおしきさいとにしょおさいおけえさいしこべつにもたいおしましょお	A：しすてむしょおがいのけんおきゃくさまからのくれむがふえてえますB：ぎじゅつぶからのほおこくでわあしたのごぜんちゅうにわふっきゅうするみこみですA：それまでのまおきゃくさまえのせつめえわどおしましょおB：こおしきさいとにしょおさいおけえさいしこべつにもたいおしましょお
3	A：すみません、このシャツ、色違いはありますか。。B：こちらのシャツは白と黒と青がございます。。A：青はMサイズはありますか。。B：申し訳ありません、青のMサイズは売り切れてしまいまして。白と黒ならMサイズがございます。。A：じゃ、白のMをください。	えすみませんこのしゃついろちがいわありますかびいこちらのしゃつわしろとくろとあおがございますえあおわえむさいずわありますかびいもおしわけありませんあおのえむさいずわうりきれてしまいましてしろとくろならえむさいずがございますえじゃしろのえむおください	A：すみませんこのしゃついろちがいわありますかB：こちらのしゃつわしろとくろとあおがございますA：あおわMさいずわありますかB：もおしわけありませんあおのMさいずわうりきれてしまいましてしろとくろならMさいずがございますA：じゃしろのMおください
3	A：すみません、このみせは なんじまでですか。。B：ごご はちじまでです。	えすみませんこのみせわなんじまでですかびいごごわちじまでです	A：すみませんこのみせわなんじまでですかB：ごごわちじまでです
3	A：すみません、トイレはどこですか。。B：あちらです。まっすぐいって、みぎです。	えすみませんといれわどこですかびいあちらですまっすぐいってみぎです	A：すみませんといれわどこですかB：あちらですまっすぐいってみぎです
3	A：すみません、大阪城への行き方を教えていただけませんか。。B：ここからまっすぐ行って、二つ目の信号を右に曲がってください。五分ぐらいで着きますよ。	えすみませんおさかじょおえのいきかたおしえてえただけませんかびいここからまっすぐいってふたつめのしんごおみぎにまがってくださいごふんぐらいでつきますよ	A：すみませんおさかじょおえのいきかたおしえてえただけませんかB：ここからまっすぐいってふたつめのしんごおみぎにまがってくださいごふんぐらいでつきますよ
3	A：なにを のみますか。。B：コーヒーを ください。	えなにおのみますかびいこおひいおください	A：なにおのみますかB：こひおください
3	A：なんじに おきますか。。B：まいにち ろくじに おきます。	えなんじにおきますかびいまいにちろくじにおきます	A：なんじにおきますかB：まいにちろくじにおきます
3	A：もしもし、すずきです。やまださん いますか。。B：すみません、いま でかけて います。	えもしもしすずきですやまださんいますかびいすみませんいまでかけてえます	A：もしもしすずきですやまださんいますかB：すみませんいまでかけてえます
3	A：海外市場への本格的な参入を検討していますが、まずはどの地域から始めるべきでしょうか。。B：成長率と参入障壁のバランスを考慮すると、東南アジアが妥当でしょう。特にベトナムは若年層が多く、購買力も着実に上がっています。。A：競合の状況はどうですか。。B：日系企業はまだ少数ですが、中国や韓国の企業が積極的に進出しています。スピード感を持って動く必要があります。	えかいがいしじょおえのほんかくてきなさんにゅうおけんとおしてえますがまずわどのちいきからわじめるべきでしょおかびいせえちょおりつとさんにゅうしょおえきのばらんすおこおりょするととおなんあじあがだとおでしょおとくにべとなむわじゃくねんそおがおくこおばいりょくもちゃくじつにあがってえますえきょおごおのじょおきょおわどおですかびいにっけえきぎょおわまだしょおすうですがちゅうごくやかんこくのきぎょおがせっきょくてきにしんしゅつしてえますすぴいどかんおもってうごくひつよおがあります	A：かいがいしじょおえのほんかくてきなさんにゅうおけんとおしてえますがまずわどのちいきからわじめるべきでしょおかB：せえちょおりつとさんにゅうしょおえきのばらんすおこおりょするととおなんあじあがだとおでしょおとくにべとなむわじゃくねんそおがおくこおばいりょくもちゃくじつにあがってえますA：きょおごおのじょおきょおわどおですかB：にっけえきぎょおわまだしょおすうですがちゅうごくやかんこくのきぎょおがせっきょくてきにしんしゅつしてえますすぴどかんおもってうごくひつよおがあります
3	A：今回の人事異動の件ですが、大阪支社の営業部長に田中さんを推薦したいと考えています。。B：田中さんですか。確かに実績は申し分ないですが、マネジメント経験が浅いのが気になりますね。。A：その点は承知していますが、彼のリーダーシップと行動力は高く評価されていますし、副部長がベテランですから、サポート体制は整っています。。B：分かりました。役員会に上げて検討しましょう。	えこんかいのじんじいどおのけんですがおさかししゃのえぎょおぶちょおにたなかさんおすいせんしたいとかんがえてえますびいたなかさんですかたしかにじっせきわもおしぶんないですがまねじめんとけえけんがあさいのがきになりますねえそのてんわしょおちしてえますがかれのりいだあしっぷとこおどおりょくわたかくひょおかされてえますしふくぶちょおがべてらんですからさぽおとたいせえわととのってえますびいわかりましたやくいんかいにあげてけんとおしましょお	A：こんかいのじんじいどおのけんですがおさかししゃのえぎょおぶちょおにたなかさんおすいせんしたいとかんがえてえますB：たなかさんですかたしかにじっせきわもおしぶんないですがまねじめんとけえけんがあさいのがきになりますねA：そのてんわしょおちしてえますがかれのりだしっぷとこおどおりょくわたかくひょおかされてえますしふくぶちょおがべてらんですからさぽとたいせえわととのってえますB：わかりましたやくいんかいにあげてけんとおしましょお
3	A：先週買ったシャツなんですが、サイズが合わなくて。。B：レシートはお持ちですか。。A：はい、こちらです。。B：では、交換させていただきます。少々お待ちください。	えせんしゅうかったしゃつなんですがさいずがあわなくてびいれしいとわおもちですかえわいこちらですびいでわこおかんさせてえただきますしょおしょおまちください	A：せんしゅうかったしゃつなんですがさいずがあわなくてB：れしとわおもちですかA：わいこちらですB：でわこおかんさせてえただきますしょおしょおまちください
3	A：先日の企画書の件ですが、もう少しターゲット層を絞り込んだ方が無難ではないでしょうか。。B：おっしゃる通りですね。広げすぎると焦点がぼやけてしまい、かえって訴求力が低下する恐れがあります。。A：ええ。ですので、明日の会議までにデータを再分析し、修正案を練り直してもらえますか。。B：承知いたしました。至急取り掛かります。	えせんじつのきかくしょのけんですがもおすこしたあげっとそおしぼりこんだほおがぶなんでわないでしょおかびいおっしゃるとおりですねひろげすぎるとしょおてんがぼやけてしまいかえってそきゅうりょくがてえかするおそれがありますえですのであしたのかいぎまでにでえたおさいぶんせきししゅうせえあんおねりなおしてもらえますかびいしょおちいたしましたしきゅうとりかかります	A：せんじつのきかくしょのけんですがもおすこしたげっとそおしぼりこんだほおがぶなんでわないでしょおかB：おっしゃるとおりですねひろげすぎるとしょおてんがぼやけてしまいかえってそきゅうりょくがてえかするおそれがありますA：えですのであしたのかいぎまでにでたおさいぶんせきししゅうせえあんおねりなおしてもらえますかB：しょおちいたしましたしきゅうとりかかります
3	A：明日のパーティーに何を持っていきますか。。B：飲み物を持っていこうと思います。Aさんは？。A：私はケーキを作ります。	えあしたのぱあてぃいになにおもってえきますかびいのみものおもってえこおとおもいますえさんわえわたしわけえきおつくります	A：あしたのぱてぃになにおもってえきますかB：のみものおもってえこおとおもいますAさんわA：わたしわけきおつくります
3	A：履歴書を拝見しましたが、前職を辞めた理由を教えてください。。B：はい、もっと専門的なスキルを身につけたいと思い、転職を決めました。。A：なるほど。当社で何をしたいですか。。B：マーケティングの経験を活かして、新しい商品の企画に挑戦したいです。	えりれきしょおわいけんしましたがぜんしょくおやめたりゆうおしえてくださいびいわいもっとせんもんてきなすきるおみにつけたいとおもいてんしょくおきめましたえなるほどとおしゃでなにおしたいですかびいまあけてぃんぐのけえけんおいかしてあたらしいしょおひんのきかくにちょおせんしたいです	A：りれきしょおわいけんしましたがまえしょくおやめたりゆうおしえてくださいB：わいもっとせんもんてきなすきるおみにつけたいとおもいてんしょくおきめましたA：なるほどとおしゃでなにおしたいですかB：まけてぃんぐのけえけんおいかしてあたらしいしょおひんのきかくにちょおせんしたいです
3	AI の進化につれて、働き方も変わってきた。	えあいのしんかにつれてわたらきかたもかわってきた	AIのしんかにつれてわたらきかたもかわってきた
3	AIが出した答えを、批判的に吟味できるかどうかは、まさにその人の学びの深さにかかっている。	えあいがだしたこたえおひわんてきにぎんみできるかどおかわまさにそのひとのまなびのふかさにかかってえる	AIがだしたこたえおひわんてきにぎんみできるかどおかわまさにそのひとのまなびのふかさにかかってえる
3	AI技術は日進月歩で発展しており、一年前の常識がもはや通用しない。	えあいぎじゅつわにっしんげっぽでわってんしておりいちねんまえのじょおしきがもわやつうよおしない	AIぎじゅつわにっしんげっぽでわってんしておりいちねんまえのじょおしきがもわやつうよおしない
3	V かける	ぶいかける	Vかける
3	V きる	ぶいきる	Vきる
3	V すぎる	ぶいすぎる	Vすぎる
3	アイスクリームを外に置いておいたら、あっという間に溶けてしまった。	あいすくりいむおそとにおいておいたらあっとゆうまにとけてしまった	あいすくりむおそとにおいておいたらあっというまにとけてしまった
3	あくせさりー	あくせさりい	あくせさり
3	あと一歩で優勝を逃してしまい、口惜しくて涙が止まらなかった。	あといっぽでゆうしょおのがしてしまいくちおしくてなみだがとまらなかった	あといちほでゆうしょおのがしてしまいくやしくてなみだがとまらなかった
3	あなたさえいれば、他に何もいらない。	あなたさえればほかになにもいらない	あなたさえればたになにもいらない
3	あには大学生で、サッカーがとても上手です。	あにわだいがくせえでさっかあがとてもじょおずです	あにわだいがくせえでさっかがとてもじょおずです
3	あのお店で素敵なコートを見つけました。	あのおみせですてきなこおとおみつけました	あのおみせですてきなことおみつけました
3	あのグループは排他的で、新参者をなかなか受け入れようとしない。	あのぐるうぷわわいたてきでしんざんものおなかなかうけえれよおとしない	あのぐるぷわわいたてきでしんざんしゃおなかなかうけえれよおとしない
3	あのスープは熱そうです。	あのすうぷわねっそおです	あのすぷわあつそおです
3	あのベンチャー企業は、今や飛ぶ鳥を落とす勢いで業界を席巻している。	あのべんちゃあきぎょおわいまやとぶとりおとすいきおいでぎょおかいおせっけんしてえる	あのべんちゃきぎょおわいまやとぶとりおとすいきおいでぎょおかいおせっけんしてえる
3	あの事故のニュースを聞いて、改めて地震の恐ろしさを感じた。	あのじこのにゅうすおきいてあらためてじしんのおそろしさおかんじた	あのじこのにゅすおきいてあらためてじしんのおそろしさおかんじた
3	あの大家がこんな初歩的なミスを犯すとは、弘法にも筆の誤りと言うべきか。	あのおやがこんなしょほてきなみすおかすとわこおぼおにもふでのあやまりというべきか	あのおやがこんなしょほてきなみすおかすとわぐほおにもふでのあやまりというべきか
3	あの俳優はスーツを着ると本当に格好いいですね。	あのわいゆうわすうつおきるとほんとおにかっこおいですね	あのわいゆうわすつおきるとほんとおにかっこおいですね
3	あの不気味な静けさは、今にして思えば大地震の前兆に他ならなかった。	あのぶきみなしずけさわいまにしておもえばだいじしんのぜんちょおにほかならなかった	あのぶきみなしずけさわいまにしておもえばだいじしんのぜんちょおにたならなかった
3	アパートでは犬を飼うことができません。	あぱあとでわいぬおかうことができません	あぱとでわいぬおかうことができません
3	あまりに理不尽な仕打ちに、温厚な彼でさえ激しい憤慨を露わにした。	あまりにりふじんなしうちにおんこおなかれでさえわげしいふんがいおあらわにした	あまりにりふじんなしうちにおんこおなかれでさえわげしいふんがいおろわにした
3	あれだけ面倒を見てやったのに、彼は裏で私の悪口を言いふらすとは、まさに恩を仇で返す行為だ。	あれだけめんどおみてやったのにかれわうらでわたしのわるぐちおいふらすとわまさにおんおあだでかえすこおいだ	あれだけめんどおみてやったのにかれわうらでわたしのわるぐちおいふらすとわまさにおんおきゅうでかえすこおいだ
3	あれるぎー	あれるぎい	あれるぎ
3	アンケートだけでは分からない現場の実態を把握するため、直接聞き取り調査を行った。	あんけえとだけでわわからないげんばのじったいおわあくするためちょくせつききとりちょおさおこなった	あんけとだけでわわからないげんばのじったいおわあくするためちょくせつききとりちょおさおこなった
3	アンケートに基づく改善案を提示した。	あんけえとにもとずくかいぜんあんおてえじした	あんけとにもとずくかいぜんあんおてえじした
3	アンケートの結果は、我々の予想と概ね一致していた。	あんけえとのけっかわわれわれのよそおとおむねえっちしてえた	あんけとのけっかわわれわれのよそおとおむねえっちしてえた
3	アンケートの結果を統計して、来週の会議で発表する予定です。	あんけえとのけっかおとおけえしてらいしゅうのかいぎでわっぴょおするよてえです	あんけとのけっかおとおけえしてらいしゅうのかいぎでわっぴょおするよてえです
3	アンケートの結果を分析したところ、若い世代の不満が明らかになった。	あんけえとのけっかおぶんせきしたところわかいせだいのふまんがあきらかになった	あんけとのけっかおぶんせきしたところわかいせだいのふまんがあきらかになった
3	アンケートへの回答は任意ですので、答えたくない項目は空欄で構いません。	あんけえとえのかいとおわにんいですのでこたえたくないこおもくわくうらんでかまいません	あんけとえのかいとおわにんいですのでこたえたくないこおもくわくうらんでかまいません
3	アンケート調査は来月から全国の支店で一斉に実施される予定です。	あんけえとちょおさわらいげつからぜんこくのしてんでえっせえにじっしされるよてえです	あんけとちょおさわらいげつからぜんこくのしてんでえっせえにじっしされるよてえです
3	いくら～ても	いくらても	いくら～ても
3	インターネットで旅行のツアーを申し込みました。	いんたあねっとでりょこおのつあおもおしこみました	いんたねっとでりょこおのつあおもおしこみました
3	インターネットには間違った情報も多いので、気をつけたほうがいいです。	いんたあねっとにわまちがったじょおほおもおいのできおつけたほおがいです	いんたねっとにわまちがったじょおほおもおいのできおつけたほおがいです
3	インターネットのおかげで、世界中の人と簡単につながれるようになりました。	いんたあねっとのおかげでせかいじゅうのひととかんたんにつながれるよおになりました	いんたねっとのおかげでせかいじゅうのひととかんたんにつながれるよおになりました
3	インターネットの普及は、人々の暮らしに革命をもたらした。	いんたあねっとのふきゅうわひとびとのくらしにかくめえおもたらした	いんたねっとのふきゅうわひとびとのくらしにかくめえおもたらした
3	インターネット上には正しい情報も誤った情報も入り混じっているので、注意が必要だ。	いんたあねっとじょおにわただしいじょおほおもあやまったじょおほおもわいりまじってえるのでちゅういがひつよおだ	いんたねっとじょおにわただしいじょおほおもあやまったじょおほおもわいりまじってえるのでちゅういがひつよおだ
3	インターネット上の画像でも、著作権には十分注意しなければならない。	いんたあねっとじょおのがぞおでもちょさっけんにわじゅうぶんちゅういしなければならない	いんたねっとじょおのがぞおでもちょさくけんにわじゅうぶんちゅういしなければならない
3	インターネット通販の普及により、従来の小売店は苦戦を強いられている。	いんたあねっとつうわんのふきゅうによりじゅうらいのこおりてんわくせんおしいられてえる	いんたねっとつうわんのふきゅうによりじゅうらいのこおりてんわくせんおしいられてえる
3	うまくいかないのを他人の所為にしているうちは、いつまでも成長できないだろう。	うまくいかないのおたにんのせえにしてえるうちわいつまでもせえちょおできないだろお	うまくいかないのおたにんのしょいにしてえるうちわいつまでもせえちょおできないだろお
3	えねるぎー	えねるぎい	えねるぎ
3	エンジンが故障したヨットは、三日間も太平洋を漂流し続けた。	えんじんがこしょおしたよっとわみっかかんもたいえよおひょおりゅうしつずけた	えんじんがこしょおしたよっとわさんにちかんもたいえよおひょおりゅうしつずけた
3	おばさんはケーキを作るのが上手です。	おばさんわけえきおつくるのがじょおずです	おばさんわけきおつくるのがじょおずです
3	おひるはかいしゃのちかくのみせでラーメンをたべます。	おひるわかいしゃのちかくのみせでらあめんおたべます	おひるわかいしゃのちかくのみせでらめんおたべます
3	お願いしたいんですけど…	おねがいしたいんですけど	おねがいしたいんですけど…
3	お客様がサービスの改善を要求してきたので、すぐに対応した。	おきゃくさまがさあびすのかいぜんおよおきゅうしてきたのですぐにたいおした	おきゃくさまがさびすのかいぜんおよおきゅうしてきたのですぐにたいおした
3	お客様からの意見をもとに、サービスを改善していきたいと思います。	おきゃくさまからのいけんおもとにさあびすおかいぜんしてえきたいとおもいます	おきゃくさまからのいけんおもとにさびすおかいぜんしてえきたいとおもいます
3	お客様に満足していただけるサービスを提供したいと思っています。	おきゃくさまにまんぞくしてえただけるさあびすおてえきょおしたいとおもってえます	おきゃくさまにまんぞくしてえただけるさびすおてえきょおしたいとおもってえます
3	お客様のご意見をもとに、サービスの改善点を洗い出しました。	おきゃくさまのごいけんおもとにさあびすのかいぜんてんおあらいだしました	おきゃくさまのごいけんおもとにさびすのかいぜんてんおあらいだしました
3	お支払いは現金、もしくはクレジットカードでお願いします。	おしわらいわげんきんもしくわくれじっとかあどでおねがいします	おしわらいわげんきんもしくわくれじっとかどでおねがいします
3	お申し込みは、専用フォーム、もしくはお電話にて受け付けております。	おもおしこみわせんよおふぉおむもしくわおでんわにてうけつけております	おもおしこみわせんよおふぉむもしくわおでんわにてうけつけております
3	お忙しい中、貴重なお時間をいただき、ありがとうございました。	おいそがしいなかきちょおなおじかんおいただきありがとおございました	おいそがしいちゅうきちょおなおじかんおいただきありがとおございました
3	カーテンのすき間から差し込む朝の光で目が覚めました。	かあてんのすきまからさしこむあさのひかりでめがさめました	かてんのすきまからさしこむあさのひかりでめがさめました
3	カーテンの隙間から差し込む朝日が眩しい。	かあてんのすきまからさしこむあさひがまぶしい	かてんのすきまからさしこむあさひがまぶしい
3	かーど	かあど	かど
3	カーブに差しかかった瞬間、遠心力で体が外側へ持っていかれそうになった。	かあぶにさしかかったしゅんかんえんしんりょくでからだがそとがわえもってえかれそおになった	かぶにさしかかったしゅんかんえんしんりょくでからだがそとがわえもってえかれそおになった
3	カーブに差し掛かる際は、あらかじめ速度を落とすことが肝心だ。	かあぶにさしかかるさいわあらかじめそくどおとすことがかんじんだ	かぶにさしかかるさいわあらかじめそくどおとすことがかんじんだ
3	かつて交易の要衝として繁栄を極めた港町も、今は静かだ。	かつてこおえきのよおしょおとしてわんえおきわめたみなとまちもいまわしずかだ	かつてこおえきのよおしょおとしてわんえおきわめたみなとちょおもいまわしずかだ
3	かつて政治の中心が奈良から京都へと遷都された経緯を、資料館で学んだ。	かつてせえじのちゅうしんがならからきょおとえとせんとされたけえおしりょおかんでまなんだ	かつてせえじのちゅうしんがならからきょおとえとせんとされたけえいおしりょおかんでまなんだ
3	かばんの中に本やノートがあります。	かばんのなかにほんやのおとがあります	かばんのなかにほんやのとがあります
3	カレーを作るために、材料を買ってきました。	かれえおつくるためにざいりょおかってきました	かれおつくるためにざいりょおかってきました
3	かろりー	かろりい	かろり
3	きのう デパートで 買い物しました。	きのおでぱあとでかいものしました	きのおでぱとでかいものしました
3	キャンプファイヤーの炎を見つめていると、心が落ち着きます。	きゃんぷふあいやあのほのおみつめてえるとこころがおちつきます	きゃんぷふぁいやのほのおみつめてえるとこころがおちつきます
3	クッキーを八つ焼きました。	くっきいおやっつやきました	くっきおやっつやきました
3	グルメな母のことだから、きっと美味しい店をリサーチしているだろう。	ぐるめなわわのことだからきっとおいしいみせおりさあちしてえるだろお	ぐるめなわわのことだからきっとおいしいみせおりさちしてえるだろお
3	クレームには敏速に対応することが、信頼を保つ鍵となる。	くれえむにわびんそくにたいおすることがしんらいおたもつかぎとなる	くれむにわびんそくにたいおすることがしんらいおたもつかぎとなる
3	ケーキを半分食べました。	けえきおわんぶんたべました	けきおわんぶんたべました
3	げーむ	げえむ	げむ
3	ごうう	ごお	ごおう
3	こうしたサービスのおかげで、コンビニは私たちの生活にかかせない存在になりました。	こおしたさあびすのおかげでこんびにわわたしたちのせえかつにかかせないそんざいになりました	こおしたさびすのおかげでこんびにわわたしたちのせえかつにかかせないそんざいになりました
3	こうしたマナーの背景には、「まわりの人にめいわくをかけない」という日本の考え方があります。	こおしたまなあのわいけえにわまわりのひとにめえわくおかけないというにっぽんのかんがえかたがあります	こおしたまなのわいけえにわまわりのひとにめえわくおかけないというにっぽんのかんがえかたがあります
3	こうしたマナーは、たくさんの人が気もちよく電車を使うためのものです。	こおしたまなあわたくさんのひとがきもちよくでんしゃおつかうためのものです	こおしたまなわたくさんのひとがきもちよくでんしゃおつかうためのものです
3	こーと	こおと	こと
3	ここからあそこまでボールを投げられますか。	ここからあそこまでぼおるおなげられますか	ここからあそこまでぼるおなげられますか
3	ここは夜になると人通りが少なくて危険なので、一人で歩かないほうがいい。	ここわよるになるとひとどおりがすくなくてきけんなのでひとりであるかないほおがい	ここわよるになるとひとどおりがすくなくてきけんなのでえちにんであるかないほおがい
3	この ケーキは おいしそうだ。	このけえきわおいしそおだ	このけきわおいしそおだ
3	この 書類を コピーしてください。	このしょるいおこぴいしてください	このしょるいおこぴしてください
3	このアンケートは、二十歳以上の女性を対象に行われました。	このあんけえとわにじゅっさいじょおのじょせえおたいしょおにおこなわれました	このあんけとわにじゅうさいじょおのじょせえおたいしょおにおこなわれました
3	このインターンシップを足掛かりに、彼女は着実にキャリアを築いていった。	このいんたあんしっぷおあしがかりにかのじょわちゃくじつにきゃりあおきずいてえった	このいんたんしっぷおあしがかりにかのじょわちゃくじつにきゃりあおきずいてえった
3	このお店ではケーキが多すぎて、どれを選ぶか迷ってしまう。	このおみせでわけえきがおすぎてどれおえらぶかまよってしまう	このおみせでわけきがおすぎてどれおえらぶかまよってしまう
3	このカードがあれば、電車にもバスにも乗れます。	このかあどがあればでんしゃにもばすにものれます	このかどがあればでんしゃにもばすにものれます
3	このカフェは駅に近い上に、Wi-Fi も高速だ。	このかふぇわえきにちかいうえにわいふぁいもこおそくだ	このかふぇわえきにちかいうえにWiFiもこおそくだ
3	このカレーは辛いです。	このかれえわからいです	このかれわつらいです
3	このキャンペーンの対象は、当店の会員に限らせていただきます。	このきゃんぺえんのたいしょおわとおてんのかいんにかぎらせてえただきます	このきゃんぺんのたいしょおわとおてんのかいんにかぎらせてえただきます
3	このクーポンの有効期限は今月末までなので、お早めにご利用ください。	このくうぽんのゆうこおきげんわこんげつまつまでなのでおわやめにごりよおください	このくぽんのゆうこおきげんわこんげつまつまでなのでおわやめにごりよおください
3	このクーポンは、今月末までのご利用に限ります。	このくうぽんわこんげつまつまでのごりよおにかぎります	このくぽんわこんげつまつまでのごりよおにかぎります
3	このクーポンは今月末まで有効ですので、お早めにご利用ください。	このくうぽんわこんげつまつまでゆうこおですのでおわやめにごりよおください	このくぽんわこんげつまつまでゆうこおですのでおわやめにごりよおください
3	このクリームを塗ると、肌が滑らかになると友達に勧められた。	このくりいむおぬるとわだがなめらかになるとともだちにすすめられた	このくりむおぬるとわだがなめらかになるとともだちにすすめられた
3	このケーキはとてもおいしそうだ。	このけえきわとてもおいしそおだ	このけきわとてもおいしそおだ
3	このケーキは甘いです。	このけえきわあまいです	このけきわあまいです
3	このケーキを五人で同じ大きさに分けるのは難しそうです。	このけえきおごにんでおなじおきさにわけるのわむずかしそおです	このけきおごにんでおなじおきさにわけるのわむずかしそおです
3	このケーブルをテレビに繋げれば、映像が見られますよ。	このけえぶるおてれびにつなげればえぞおがみられますよ	このけぶるおてれびにつなげればえぞおがみられますよ
3	このジュースは缶より瓶のほうが安く売られている。	このじゅうすわかんよりびんのほおがやすくうられてえる	このじゅすわかんよりびんのほおがやすくうられてえる
3	このスープはちょっとしょっぱいので、お湯を足しましょう。	このすうぷわちょっとしょっぱいのでおゆおたしましょお	このすぷわちょっとしょっぱいのでおゆおたしましょお
3	このスープはちょっと塩辛すぎて、全部は飲めませんでした。	このすうぷわちょっとしおからすぎてぜんぶわのめませんでした	このすぷわちょっとしおからすぎてぜんぶわのめませんでした
3	このスープは味が少し薄いですね。	このすうぷわあじがすこしうすいですね	このすぷわあじがすこしうすいですね
3	このスープは味が濃厚で、一口飲んだだけでお腹がいっぱいになりそうだ。	このすうぷわあじがのおこおでひとくちのんだだけでおなかがいっぱいになりそおだ	このすぷわあじがのおこおでえちくちのんだだけでおなかがいっぱいになりそおだ
3	このチームは、経験豊かな社員と若手の三人で構成されています。	このちいむわけえけんゆたかなしゃいんとわかてのさんにんでこおせえされてえます	このちむわけえけんゆたかなしゃいんとわかてのさんにんでこおせえされてえます
3	このデータには、名前や年齢などいくつかの属性が含まれている。	このでえたにわなまえやねんれえなどいくつかのぞくせえがふくまれてえる	このでたにわなまえやねんれえなどいくつかのぞくせえがふくまれてえる
3	このドキュメンタリーは、視聴者に深く考えさせずにはおかない。	このどきゅめんたりいわしちょおしゃにふかくかんがえさせずにわおかない	このどきゅめんたりわしちょおしゃにふかくかんがえさせずにわおかない
3	このネクタイは、スーツの色によく合います。	このねくたいわすうつのいろによくあいます	このねくたいわすつのいろによくあいます
3	このバスは定員が四十名なので、それ以上は乗せられません。	このばすわてえんがよんじゅうめえなのでそれえじょおわのせられません	このばすわてえいんがよんじゅうめえなのでそれえじょおわのせられません
3	このボールペンで手紙を書きます。	このぼおるぺんでてがみおかきます	このぼるぺんでてがみおかきます
3	このホテルのロビーは重厚な雰囲気で、歴史の深さを感じさせる。	このほてるのろびいわじゅうこおなふんいきでれきしのふかさおかんじさせる	このほてるのろびわじゅうこおなふんいきでれきしのふかさおかんじさせる
3	このラーメンは美味しいです。	このらあめんわおいしいです	このらめんわおいしいです
3	このレポートは三つの章から構成されている。	このれぽおとわみっつのしょおからこおせえされてえる	このれぽとわみっつのしょおからこおせえされてえる
3	この一族は代々、先祖の祭祀を絶やさぬよう受け継いできた。	このいちぞくわだいだいせんぞのさいしおたやさぬよおけついできた	このいちぞくわだいだいせんぞのさいしおたやさぬよおうけついできた
3	この家具は組立が簡単で、工具がなくても一人で完成させられる。	このかぐわくみたてがかんたんでこおぐがなくてもひとりでかんせえさせられる	このかぐわくみたてがかんたんでこおぐがなくてもいちにんでかんせえさせられる
3	この机は重すぎて、一人ではとても動かせない。	このつくえわおもすぎてひとりでわとてもおごかせない	このつくえわおもすぎてえちにんでわとてもおごかせない
3	この魚は色がとても美しいのが特徴で、一目でほかの魚と区別できます。	このさかなわいろがとてもおつくしいのがとくちょおでひとめでほかのさかなとくべつできます	このさかなわいろがとてもおつくしいのがとくちょおでえちもくでほかのさかなとくべつできます
3	この空港では、出国する前にパスポートと搭乗券を提示しなければなりません。	このくうこおでわしゅっこくするまえにぱすぽおとととおじょおけんおてえじしなければなりません	このくうこおでわしゅっこくするまえにぱすぽとととおじょおけんおてえじしなければなりません
3	この件については、担当者が後ほど詳しく説明いたします。	このけんについてわたんとおしゃがのちほどくわしくせつめえたします	このけんについてわたんとおしゃがのちほどくわしくせつめえいたします
3	この研究には膨大な量のデータを整理する作業が必要だ。	このけんきゅうにわぼおだいなりょおのでえたおせえりするさぎょおがひつよおだ	このけんきゅうにわぼおだいなりょおのでたおせえりするさぎょおがひつよおだ
3	この研究所は、再生医療の分野で数々の先駆的な成果を上げてきた。	このけんきゅうじょわさいせえりょおのぶんやでかずかずのせんくてきなせえかおあげてきた	このけんきゅうじょわさいせえいりょおのぶんやでかずかずのせんくてきなせえかおあげてきた
3	この公園では、ボール遊びが禁止されています。	このこおえんでわぼおるあそびがきんしされてえます	このこおえんでわぼるあそびがきんしされてえます
3	この公園の面積は東京ドームの約五倍に相当する。	このこおえんのめんせきわとおきょおどおむのやくごばいにそおとおする	このこおえんのめんせきわとおきょおどむのやくごばいにそおとおする
3	この工場の機械は、すべて再生可能エネルギーを動力として稼働している。	このこおじょおのきかいわすべてさいせえかのおえねるぎいおどおりょくとしてかどおしてえる	このこおじょおのきかいわすべてさいせえかのおえねるぎおどおりょくとしてかどおしてえる
3	この港町は、かつて交易の拠点として大いに栄えていた。	このみなとまちわかつてこおえきのきょてんとしておいにさかえてえた	このみなとちょおわかつてこおえきのきょてんとしておいにさかえてえた
3	この作品のユニークな着想は、日常のふとした瞬間から生まれたという。	このさくひんのゆにいくなちゃくそおわにちじょおのふとしたしゅんかんからうまれたという	このさくひんのゆにくなちゃくそおわにちじょおのふとしたしゅんかんからうまれたという
3	この仕事量を1人でやるのは大変に違いない。	このしごとりょおひとりでやるのわたいえんにちがいない	このしごとりょおにんでやるのわたいえんにちがいない
3	この資料は、後でメールで差し上げます。	このしりょおわあとでめえるでさしあげます	このしりょおわあとでめるでさしあげます
3	この写真をノートに糊で貼りました。	このしゃしんおのおとにのりでわりました	このしゃしんおのとにのりでわりました
3	この十年でスマートフォンが急速に普及した。	このじゅうねんですまあとふぉんがきゅうそくにふきゅうした	このじゅうねんですまとふぉんがきゅうそくにふきゅうした
3	この書類を三枚コピーしてください。	このしょるいおさんまいこぴいしてください	このしょるいおさんまいこぴしてください
3	この小説は虚構でありながら、当時の社会の矛盾を鋭くえぐり出している。	このしょおせつわきょこおでありながらとおときのしゃかいのむじゅんおするどくえぐりだしてえる	このしょおせつわきょこおでありながらとおじのしゃかいのむじゅんおするどくえぐりだしてえる
3	この城は堅固な石垣に守られ、幾度の戦にも耐えてきた。	このしろわけんごないしがきにまもられえくどのいくさにもたえてきた	このしろわけんごないしがきにまもられえくどのせんにもたえてきた
3	この図書館で Wi-Fi を使うことができます。	このとしょかんでわいふぁいおつかうことができます	このとしょかんでWiFiおつかうことができます
3	この大聖堂は十三世紀に建てられ、今なお当時の姿をとどめている。	このだいせえどおわじゅうさんせえきにたてられえまなおとおときのすがたおとどめてえる	このだいせえどおわじゅうさんせえきにたてられえまなおとおじのすがたおとどめてえる
3	この地域に見られる河岸段丘は、長い年月をかけた河川の浸食作用の産物にほかならない。	このちいきにみられるかがんだんきゅうわながいとしつきおかけたかせんのしんしょくさよおのさんぶつにほかならない	このちいきにみられるかわぎしだんきゅうわながいとしつきおかけたかせんのしんしょくさよおのさんぶつにほかならない
3	この地方には、他では味わえない独特な食文化が根づいている。	このちほおにわほかでわあじわえないどくとくなしょくぶんかがねずいてえる	このちほおにわたでわあじわえないどくとくなしょくぶんかがねずいてえる
3	この地方は冬の寒さが厳しく、殊に山間部では積雪が数メートルに達する。	このちほおわふゆのさむさがきびしくことにさんかんぶでわせきせつがすうめえとるにたっする	このちほおわふゆのさむさがきびしくことにさんかんぶでわせきせつがすうめとるにたっする
3	この町ではサッカーが盛んです。	このまちでわさっかあがさかんです	このまちでわさっかがさかんです
3	この調査では、膨大なデータを分析するのに何か月もかかった。	このちょおさでわぼおだいなでえたおぶんせきするのになんかげつもかかった	このちょおさでわぼおだいなでたおぶんせきするのになんかげつもかかった
3	この店のケーキは飛び切りおいしいと評判で、いつも行列ができている。	このみせのけえきわとびきりおいしいとひょおばんでえつもぎょおれつができてえる	このみせのけきわとびきりおいしいとひょおばんでえつもぎょおれつができてえる
3	この店のラーメンは値段の割に本当に旨いと評判だ。	このみせのらあめんわねだんのわりにほんとおにうまいとひょおばんだ	このみせのらめんわねだんのわりにほんとおにうまいとひょおばんだ
3	この店はイタリアからチーズを輸入しています。	このみせわいたりあからちいずおゆにゅうしてえます	このみせわいたりあからちずおゆにゅうしてえます
3	この店はカードが使えないので、現金で払いました。	このみせわかあどがつかえないのでげんきんでわらいました	このみせわかどがつかえないのでげんきんでわらいました
3	この店はラーメンが有名で、いつも行列ができています。	このみせわらあめんがゆうめえでえつもぎょおれつができてえます	このみせわらめんがゆうめえでえつもぎょおれつができてえます
3	この道は工事のため、しばらくスピードが制限されています。	このみちわこおじのためしばらくすぴいどがせえげんされてえます	このみちわこおじのためしばらくすぴどがせえげんされてえます
3	この道は工事中です。従って、別のルートで行かなければなりません。	このみちわこおじちゅうですしたがってべつのるうとでえかなければなりません	このみちわこおじちゅうですしたがってべつのるとでえかなければなりません
3	この二つの製品は名前が紛らわしく、注文の際に間違える客が後を絶たない。	このふたつのせえひんわなまえがまぎらわしくちゅうもんのさいにまちがえるきゃくがあとおたたない	このふたつのせえひんわなまえがまぎらわしくちゅうもんのさいにまちがえるきゃくがごおたたない
3	この箱は見た目より重くて、一人で持ち上げることができなかった。	このわこわみためよりおもくてひとりでもちあげることができなかった	このわこわみためよりおもくてえちにんでもちあげることができなかった
3	この物質は水にはほとんど溶解しないが、アルコールにはよく溶ける。	このぶっしつわみずにわほとんどよおかいしないがあるこおるにわよくとける	このぶっしつわみずにわほとんどよおかいしないがあるこるにわよくとける
3	この平たい石は、テーブルの上に置くのにちょうどいいです。	このひらたいしわてえぶるのおえにおくのにちょおどいです	このひらたいしわてぶるのおえにおくのにちょおどいです
3	この柄のシャツはとてもかわいいですね。	このがらのしゃつわとてもかわいですね	このえのしゃつわとてもかわいですね
3	この問題は、一人で悩まずみんなで解決したほうがいい。	このもんだいわひとりでなやまずみんなでかいけつしたほおがい	このもんだいわいちにんでなやまずみんなでかいけつしたほおがい
3	この問題は一人では解決できないので、みんなで話し合いましょう。	このもんだいわひとりでわかいけつできないのでみんなでわなしあいましょお	このもんだいわいちにんでわかいけつできないのでみんなでわなしあいましょお
3	この旅行で、一人でも何とかなるという自信がつきました。	このりょこおでひとりでもなにとかなるというじしんがつきました	このりょこおでえちにんでもなんとかなるというじしんがつきました
3	この料理は、甘さと辛さの絶妙なバランスが後を引く。	このりょおりわあまさとからさのぜつみょおなばらんすがあとおひく	このりょおりわあまさとつらさのぜつみょおなばらんすがごおひく
3	この論文は、データに基づいた緻密な論述で高く評価された。	このろんぶんわでえたにもとずいたちみつなろんじゅつでたかくひょおかされた	このろんぶんわでたにもとずいたちみつなろんじゅつでたかくひょおかされた
3	こぴー	こぴい	こぴ
3	こぴーする	こぴいする	こぴする
3	コピーやチケットの予約ができる機械もあります。	こぴいやちけっとのよやくができるきかいもあります	こぴやちけっとのよやくができるきかいもあります
3	これを「飲みニケーション」と言う。	これおのみにけえしょんという	これおのみにけしょんという
3	コンサートの会場は、人でいっぱいでした。	こんさあとのかいじょおわひとでえっぱいでした	こんさとのかいじょおわひとでえっぱいでした
3	コンサート会場で隣の人に肩をぶつけられた。	こんさあとかいじょおでとなりのひとにかたおぶつけられた	こんさとかいじょおでとなりのひとにかたおぶつけられた
3	ご都合については了解しましたので、日程を調整いたします。	ごつごおについてわりょおかいしましたのでにってえおちょおせえたします	ごつごおについてわりょおかいしましたのでにってえおちょおせえいたします
3	さすが一流ホテルだけのことはある。サービスが段違いだ。	さすがいちりゅうほてるだけのことわあるさあびすがだんちがいだ	さすがいちりゅうほてるだけのことわあるさびすがだんちがいだ
3	さっかー	さっかあ	さっか
3	サッカーの試合で足に怪我をしました。	さっかあのしあいであしにけがおしました	さっかのしあいであしにけがおしました
3	サッカーの試合中に足首を捻挫して、歩けなくなってしまった。	さっかあのしあいちゅうにあしくびおねんざしてあるけなくなってしまった	さっかのしあいちゅうにあしくびおねんざしてあるけなくなってしまった
3	さらりーまん	さらりいまん	さらりまん
3	しかし、便利さのうらには、二十四時間はたらく人の苦労や、食品ロスなどの問題もかくれている。	しかしべんりさのおらにわにじゅうよじかんわたらくひとのくろおやしょくひんろすなどのもんだいもかくれてえる	しかしべんりさのおらにわにじゅうよんじかんわたらくひとのくろおやしょくひんろすなどのもんだいもかくれてえる
3	しかしさいきんのわかい人の中には、しごととプライベートをきちんと分けたいと考える人もふえている。	しかしさいきんのわかいひとのなかにわしごととぷらいべえとおきちんとわけたいとかんがえるひともふえてえる	しかしさいきんのわかいひとのなかにわしごととぷらいべとおきちんとわけたいとかんがえるひともふえてえる
3	じゃがいもをよく茹でてから、フォークで潰してください。	じゃがいもおよくゆでてからふぉおくでつぶしてください	じゃがいもおよくゆでてからふぉくでつぶしてください
3	しゃわー	しゃわあ	しゃわ
3	シャワーを浴びていたら、急にいいアイデアが頭に浮かんだ。	しゃわあおあびてえたらきゅうにいあいであがあたまにうかんだ	しゃわおあびてえたらきゅうにいあいであがあたまにうかんだ
3	シャワーを浴びてすっきりした。	しゃわあおあびてすっきりした	しゃわおあびてすっきりした
3	じゅーす	じゅうす	じゅす
3	すーつ	すうつ	すつ
3	すかーと	すかあと	すかと
3	スピードに関する議論にかけては、彼が社内一だ。	すぴいどにかんするぎろんにかけてわかれがしゃないちだ	すぴどにかんするぎろんにかけてわかれがしゃないちだ
3	すぷーん	すぷうん	すぷん
3	すぽーつ	すぽおつ	すぽつ
3	スマートフォンの急速な普及は、人々の生活様式を一変させた。	すまあとふぉんのきゅうそくなふきゅうわひとびとのせえかつよおしきおいっぺんさせた	すまとふぉんのきゅうそくなふきゅうわひとびとのせえかつよおしきおいっぺんさせた
3	スマートフォンの普及によって、人々の生活は大きく変わった。	すまあとふぉんのふきゅうによってひとびとのせえかつわおきくかわった	すまとふぉんのふきゅうによってひとびとのせえかつわおきくかわった
3	スマートフォンの普及により、ネット通販の利用者が急増した。	すまあとふぉんのふきゅうによりねっとつうわんのりよおしゃがきゅうぞおした	すまとふぉんのふきゅうによりねっとつうわんのりよおしゃがきゅうぞおした
3	すみません、メニューを見せていただけますか。	すみませんめにゅうおみせてえただけますか	すみませんめにゅおみせてえただけますか
3	すむーず	すむうず	すむず
3	せっかく休みを取ったのに、朝から雨で一日中家に閉じこもっていた。	せっかくやすみおとったのにあさからあめでえちにちじゅういえにとじこもってえた	せっかくやすみおとったのにあさからあめでえちにちじゅうかにとじこもってえた
3	ゼリーは冷蔵庫で二時間ほど冷やすと、ちょうどよく固まります。	ぜりいわれえぞおこでにじかんほどひやすとちょおどよくかたまります	ぜりわれえぞおこでにじかんほどひやすとちょおどよくかたまります
3	そのケーキは姉が焼きました。	そのけえきわあねがやきました	そのけきわあねがやきました
3	その学者は従来の定説に異を唱え、新たな仮説を提唱した。	そのがくしゃわじゅうらいのてえせつにいおとなえあらたなかせつおてえしょおした	そのがくしゃわじゅうらいのてえせつにことおとなえあらたなかせつおてえしょおした
3	その競走馬は名馬の血統を受け継いでおり、デビュー前から大いに期待されていた。	そのきょおそおばわめえばのけっとおけついでおりでびゅうまえからおいにきたいされてえた	そのきょおそおばわめえばのけっとおけついでおりでびゅまえからおいにきたいされてえた
3	その事件のニュースを見て、とても驚きました。	そのじけんのにゅうすおみてとてもおどろきました	そのじけんのにゅすおみてとてもおどろきました
3	その事故のことは、ニュースを見て初めて知りました。	そのじこのことわにゅうすおみてわじめてしりました	そのじこのことわにゅすおみてわじめてしりました
3	その修行僧は、俗世の誘惑を断ち、徹底して禁欲的な生活を貫いた。	そのしゅぎょおそおわぞくせのゆうわくおたちてってえしてきんよくてきなせえかつおつらぬいた	そのしゅぎょおそおわぞくせえのゆうわくおたちてってえしてきんよくてきなせえかつおつらぬいた
3	その土地の文化やルールを尊重してこそ、観光は旅行者と住民の双方にとって、豊かなものになるのではないだろうか。	そのとちのぶんかやるうるおそんちょおしてこそかんこおわりょこおしゃとじゅうみんのそおほおにとってゆたかなものになるのでわないだろおか	そのとちのぶんかやるるおそんちょおしてこそかんこおわりょこおしゃとじゅうみんのそおほおにとってゆたかなものになるのでわないだろおか
3	それぞれの民族には、他では見られない固有の文化がある。	それぞれのみんぞくにわほかでわみられないこゆうのぶんかがある	それぞれのみんぞくにわたでわみられないこゆうのぶんかがある
3	ダイエット中なので、大好きなケーキを食べたい気持ちを我慢しています。	だいえっとちゅうなのでだいすきなけえきおたべたいきもちおがまんしてえます	だいえっとちゅうなのでだいすきなけきおたべたいきもちおがまんしてえます
3	ダイエット中なのについケーキを食べた。	だいえっとちゅうなのについけえきおたべた	だいえっとちゅうなのについけきおたべた
3	たくしー	たくしい	たくし
3	タクシーで来ました。	たくしいできました	たくしできました
3	ただ、ばしょとりやゴミのもんだいもあるので、マナーをまもることが大切です。	ただばしょとりやごみのもんだいもあるのでまなあおまもることがたいせつです	ただばしょとりやごみのもんだいもあるのでまなおまもることがたいせつです
3	たとえ～ても	たとえても	たとえ～ても
3	たとえば、会議で全員が賛成している中、一人だけ反対意見を言うのは勇気がいる。	たとえばかいぎでぜんいんがさんせえしてえるなかひとりだけわんたいけんおいうのわゆうきがいる	たとえばかいぎでぜんいんがさんせえしてえるなかいちにんだけわんたいけんおいうのわゆうきがいる
3	たとえば、道が観光客であふれて住民が通れなくなったり、ゴミやマナー違反が増えたりする。	たとえばみちがかんこおきゃくであふれてじゅうみんがとおれなくなったりごみやまなあいわんがふえたりする	たとえばみちがかんこおきゃくであふれてじゅうみんがとおれなくなったりごみやまないわんがふえたりする
3	チームでいちばん若い。	ちいむでえちばんわかい	ちむでえちばんわかい
3	チームで働くには、互いに助け合うことが欠かせません。	ちいむでわたらくにわたがいにたすけあうことがかかせません	ちむでわたらくにわたがいにたすけあうことがかかせません
3	チームの一員として、それぞれが自分の役割を果たすことが求められる。	ちいむのいちいんとしてそれぞれがじぶんのやくわりおわたすことがもとめられる	ちむのいちいんとしてそれぞれがじぶんのやくわりおわたすことがもとめられる
3	チームの中でそれぞれが自分の役割をきちんと果たすことが大切だ。	ちいむのなかでそれぞれがじぶんのやくわりおきちんとわたすことがたいせつだ	ちむのなかでそれぞれがじぶんのやくわりおきちんとわたすことがたいせつだ
3	チームは決勝で勝ち、初めて優勝を獲得することができた。	ちいむわけっしょおでかちわじめてゆうしょおかくとくすることができた	ちむわけっしょおでかちわじめてゆうしょおかくとくすることができた
3	チームは優勝を目指し、来月から一か月にわたる海外遠征に出発する。	ちいむわゆうしょおめざしらいげつからいっかげつにわたるかいがいえんせえにしゅっぱつする	ちむわゆうしょおめざしらいげつからいちかげつにわたるかいがいえんせえにしゅっぱつする
3	チームをまとめるには、監督の指導力が欠かせない。	ちいむおまとめるにわかんとくのしどおりょくがかかせない	ちむおまとめるにわかんとくのしどおりょくがかかせない
3	チーム全員が同じ目標を共有することで、作業の効率は格段に上がった。	ちいむぜんいんがおなじもくひょおきょおゆうすることでさぎょおのこおりつわかくだんにあがった	ちむぜんいんがおなじもくひょおきょおゆうすることでさぎょおのこおりつわかくだんにあがった
3	チーム全員で努力した成果が、今回の受賞という形で表れた。	ちいむぜんいんでどりょくしたせえかがこんかいのじゅしょおというかたちであらわれた	ちむぜんいんでどりょくしたせえかがこんかいのじゅしょおというかたちであらわれた
3	チーム全員の努力のおかげで、今年度の売上目標を無事に達成することができました。	ちいむぜんいんのどりょくのおかげでこんねんどのおりあげもくひょおぶじにたっせえすることができました	ちむぜんいんのどりょくのおかげでこんねんどのおりあげもくひょおぶじにたっせえすることができました
3	チョコレートが好きです。	ちょこれえとがすきです	ちょこれとがすきです
3	てぃーしゃつ	てぃいしゃつ	てぃしゃつ
3	でーた	でえた	でた
3	データをグラフに落とし込めば、両者の格差は一目瞭然となるだろう。	でえたおぐらふにおとしこめばりょおしゃのかくさわいちもくりょおぜんとなるだろお	でたおぐらふにおとしこめばりょおしゃのかくさわいちもくりょおぜんとなるだろお
3	データを示しながら話すと、説明に説得力が出る。	でえたおしめしながらわなすとせつめえにせっとくりょくがでる	でたおしめしながらわなすとせつめえにせっとくりょくがでる
3	データを集計しているところだ。	でえたおしゅうけえしてえるところだ	でたおしゅうけえしてえるところだ
3	データを詳しく分析した結果、両者の因果関係が明らかになった。	でえたおくわしくぶんせきしたけっかりょおしゃのいんがかんけえがあきらかになった	でたおくわしくぶんせきしたけっかりょおしゃのいんがかんけえがあきらかになった
3	データを詳細に分析した結果、売上減少の原因が明らかになった。	でえたおしょおさいにぶんせきしたけっかうりあげげんしょおのげんいんがあきらかになった	でたおしょおさいにぶんせきしたけっかうりあげげんしょおのげんいんがあきらかになった
3	データを都合よく切り取って自説を裏づける彼の主張は、我田引水の感が否めない。	でえたおつごおよくきりとってじせつおらずけるかれのしゅちょおわがでんいんすいのかんがいなめない	でたおつごおよくきりとってじせつおらずけるかれのしゅちょおわがでんいんすいのかんがいなめない
3	てーぶる	てえぶる	てぶる
3	テーブルが汚れているので、布で拭いてください。	てえぶるがよごれてえるのでぬのでふいてください	てぶるがよごれてえるのでぬのでふいてください
3	テーブルにお皿を並べてください。	てえぶるにおさらおならべてください	てぶるにおさらおならべてください
3	テーブルの上に料理を並べます。	てえぶるのおえにりょおりおならべます	てぶるのおえにりょおりおならべます
3	テーブルは丸い形です。	てえぶるわまるいかたちです	てぶるわまるいかたちです
3	できたてのラーメンから湯気が立ちのぼっていて、とてもおいしそうです。	できたてのらあめんからゆげがたちのぼってえてとてもおいしそおです	できたてのらめんからゆげがたちのぼってえてとてもおいしそおです
3	でぱーと	でぱあと	でぱと
3	デパートでかばんを買いました。	でぱあとでかばんおかいました	でぱとでかばんおかいました
3	デパートで洋服を買いました。	でぱあとでよおふくおかいました	でぱとでよおふくおかいました
3	デビュー以来、彼女は数え切れないほどの舞台に立ってきた。	でびゅういらいかのじょわかぞえきれないほどのぶたいにたってきた	でびゅいらいかのじょわかぞえきれないほどのぶたいにたってきた
3	テレワークのふきゅうによって、はたらく場所や時間のじゆうどが高まった一方で、しごとと生活の境目があいまいになるという課題も生まれた。	てれわあくのふきゅうによってわたらくばしょやじかんのじゆうどがたかまったいっぽおでしごととせえかつのさかいめがあいまいになるというかだいもおまれた	てれわくのふきゅうによってわたらくばしょやじかんのじゆうどがたかまったいっぽおでしごととせえかつのさかいめがあいまいになるというかだいもおまれた
3	どちらの案も甲乙つけがたいが、強いて言えば前者のほうが現実的だろう。	どちらのあんもこおつつけがたいがしいてえばぜんしゃのほおがげんじつてきだろお	どちらのあんもこおつつけがたいがつよいてえばぜんしゃのほおがげんじつてきだろお
3	ドナーが現れ、ようやく心臓の移植手術が現実味を帯びてきた。	どなあがあらわれよおやくしんぞおのいしょくしゅじゅつがげんじつみおびてきた	どながあらわれよおやくしんぞおのいしょくしゅじゅつがげんじつみおびてきた
3	どれほど困窮しても、職人としての矜持だけは決して捨てなかった。	どれほどこんきゅうしてもしょくにんとしてのきょおじだけわけっしてすてなかった	どれほどこんきゅうしてもしょくにんとしてのきんじだけわけっしてすてなかった
3	どんなに～ても	どんなにても	どんなに～ても
3	どんなに急いでも、完成するのは精々来週の半ばだろう。	どんなにいそいでもかんせえするのわせえぜえらいしゅうのなかばだろお	どんなにいそいでもかんせえするのわせえ々らいしゅうのなかばだろお
3	どんなに苦しくても、笑う門には福来たると信じて明るく振る舞ってきた。	どんなにくるしくてもわらうかどにわふくきたるとしんじてあかるくふるまってきた	どんなにくるしくてもわらうもんにわふくらいたるとしんじてあかるくふるまってきた
3	どんなに有能な人でも、一人でできることには限りがある。	どんなにゆうのおなひとでもひとりでできることにわかぎりがある	どんなにゆうのおなひとでもいちにんでできることにわかぎりがある
3	どんな道を選ぶにせよ、自分の人生に悔いを残さないよう精一杯生きたい。	どんなみちおえらぶにせよじぶんのじんせえにくいおのこさないよおせえっぱいきたい	どんなみちおえらぶにせよじぶんのじんせえにくいおのこさないよおせえいっぱいきたい
3	にゅーす	にゅうす	にゅす
3	のーと	のおと	のと
3	ノートに名前を書いてください。	のおとになまえおかいてください	のとになまえおかいてください
3	ノートを電車に忘れてしまいました。	のおとおでんしゃにわすれてしまいました	のとおでんしゃにわすれてしまいました
3	ハイデガーの存在論は、現代哲学に多大な影響を与えた。彼は「存在」という根本問題を問い直し、人間の在り方を時間性の観点から捉え直した。その思索は、文学や芸術の分野にまで波及している。	わいでがあのそんざいろんわげんだいてつがくにただいなえきょおあたえたかれわそんざいというこんぽんもんだいおといなおしにんげんのありかたおじかんせえのかんてんからとらえなおしたそのしさくわぶんがくやげえじゅつのぶんやにまでわきゅうしてえる	わいでがのそんざいろんわげんだいてつがくにただいなえきょおあたえたかれわそんざいというこんぽんもんだいおといなおしにんげんのありかたおじかんせえのかんてんからとらえなおしたそのしさくわぶんがくやげえじゅつのぶんやにまでわきゅうしてえる
3	パクチーを食べたことがありません。	ぱくちいおたべたことがありません	ぱくちおたべたことがありません
3	バスは9時に出発するので、遅れないでください。	ばすわくじにしゅっぱつするのでおくれないでください	ばすわじにしゅっぱつするのでおくれないでください
3	ぱすぽーと	ぱすぽおと	ぱすぽと
3	パスポートを見せてください。	ぱすぽおとおみせてください	ぱすぽとおみせてください
3	パスワードは、他人に推測されにくいものに設定したほうがいいですよ。	ぱすわあどわたにんにすいそくされにくいものにせってえしたほおがいですよ	ぱすわどわたにんにすいそくされにくいものにせってえしたほおがいですよ
3	パソコンが壊れる前に、データを保存しておいたほうがいいです。	ぱそこんがこわれるまえにでえたおほぞんしておいたほおがいです	ぱそこんがこわれるまえにでたおほぞんしておいたほおがいです
3	バターを弱火でゆっくり溶かしてから、小麦粉を加えるのがこつだ。	ばたあおよわびでゆっくりとかしてからこむぎこおくわえるのがこつだ	ばたおよわびでゆっくりとかしてからこむぎこおくわえるのがこつだ
3	パラグライダーに挑戦したことがある。	ぱらぐらいだあにちょおせんしたことがある	ぱらぐらいだにちょおせんしたことがある
3	パンもケーキも好きです。	ぱんもけえきもすきです	ぱんもけきもすきです
3	ピタゴラスの定理を用いれば、この三角形の辺の長さが求められる。	ぴたごらすのてえりおもちいればこのさんかっけえのえんのながさがもとめられる	ぴたごらすのてえりおもちいればこのさんかっけえのあたりのながさがもとめられる
3	ぷーる	ぷうる	ぷる
3	ふぉーく	ふぉおく	ふぉく
3	プラスチックごみによる海洋汚染が深刻な問題になっています。世界では毎年八百万トンのプラスチックが海に流れ込んでいると言われています。私たち一人一人がレジ袋やストローの使用を減らすことが大切です。	ぷらすちっくごみによるかいよおせんがしんこくなもんだいになってえますせかいでわまいとしわっぴゃくまんとんのぷらすちっくがうみにながれこんでえるといわれてえますわたしたちひとりひとりがれじぶくろやすとろおのしよおえらすことがたいせつです	ぷらすちっくごみによるかいよおせんがしんこくなもんだいになってえますせかいでわまいとしわちひゃくまんとんのぷらすちっくがうみにながれこんでえるといわれてえますわたしたちいちにんいちにんがれじぶくろやすとろのしよおえらすことがたいせつです
3	ブレーキが間に合い、崖から転落するところを危機一髪で免れた。	ぶれえきがまにあいがけからてんらくするところおききいっぱつでまぬかれた	ぶれきがまにあいがけからてんらくするところおききいっぱつでまぬかれた
3	ぺーじ	ぺえじ	ぺじ
3	ぼーる	ぼおる	ぼる
3	ボールが九つあります。	ぼおるがここのつあります	ぼるがここのつあります
3	ぼーるぺん	ぼおるぺん	ぼるぺん
3	ボタンを押した。すると、画面に突然エラーが表示された。	ぼたんおしたするとがめんにとつぜんえらあがひょおじされた	ぼたんおしたするとがめんにとつぜんえらがひょおじされた
3	みんなが気持ちよく使えるように、図書館のルールを守ってください。	みんながきもちよくつかえるよおにとしょかんのるうるおまもってください	みんながきもちよくつかえるよおにとしょかんのるるおまもってください
3	みんなで少しずつお金を出せば、一人の負担は軽くなる。	みんなですこしずつおかねおだせばひとりのふたんわかるくなる	みんなですこしずつおかねおだせばいちにんのふたんわかるくなる
3	メールで、或いはお電話でも、ご都合のよい方法でお問い合わせください。	めえるであるいわおでんわでもごつごおのよいほおほおでおといあわせください	めるであるいわおでんわでもごつごおのよいほおほおでおといあわせください
3	メールではなく、直接会って話したほうがいい。	めえるでわなくちょくせつあってわなしたほおがい	めるでわなくちょくせつあってわなしたほおがい
3	メールではなく、直接会って話したほうが誤解が少ない。	めえるでわなくちょくせつあってわなしたほおがごかいがすくない	めるでわなくちょくせつあってわなしたほおがごかいがすくない
3	メールの内容がよく分からなかったので、もう一度確認させていただけますか。	めえるのないよおがよくわからなかったのでもおいちどかくにんさせてえただけますか	めるのないよおがよくわからなかったのでもおいちどかくにんさせてえただけますか
3	メールは届いたはずです。	めえるわとどいたわずです	めるわとどいたわずです
3	メールを送ったのに、まだ返事が来ません。	めえるおくったのにまだえんじがきません	めるおくったのにまだえんじがきません
3	メールを送ったのに、一週間経ってもまだ返事がない。	めえるおくったのにいっしゅうかんたってもまだえんじがない	めるおくったのにいちしゅうかんたってもまだえんじがない
3	メールを送ったのに、彼からはまだ返事が来ていない。	めえるおくったのにかれからわまだえんじがきてえない	めるおくったのにかれからわまだえんじがきてえない
3	めにゅー	めにゅう	めにゅ
3	メンバーが全員揃ったので、そろそろ会議を始めましょう。	めんばあがぜんいんそろったのでそろそろかいぎおわじめましょお	めんばがぜんいんそろったのでそろそろかいぎおわじめましょお
3	やはり手作りのケーキは一番おいしいですね。	やわりてずくりのけえきわいちばんおいしいですね	やわりてずくりのけきわいちばんおいしいですね
3	ゆにーく	ゆにいく	ゆにく
3	ヨーロッパの中世は、しばしば「暗黒時代」と揶揄されるが、実際には文化の萌芽が随所に見られた。	よおろっぱのちゅうせえわしばしばあんこくじだいとやゆされるがじっさいにわぶんかのほおががずいしょにみられた	よろっぱのちゅうせえわしばしばあんこくじだいとやゆされるがじっさいにわぶんかのほおががずいしょにみられた
3	ラーメンをはじめ、寿司や天ぷらも外国人に人気だ。	らあめんおわじめすしやてんぷらもがいこくじんににんきだ	らめんおわじめすしやてんぷらもがいこくじんににんきだ
3	ラッシュ時の通勤電車は不快極まりない。	らっしゅときのつうきんでんしゃわふかいきわまりない	らっしゅじのつうきんでんしゃわふかいきわまりない
3	リスクを恐れて動かなければ大きな成果は望めない。虎穴に入らずんば虎子を得ずだ。	りすくおそれてうごかなければおきなせえかわのぞめないこけつにわいらずんばこじおえずだ	りすくおそれてうごかなければおきなせえかわのぞめないこけつにわいらずんばとらこおえずだ
3	ルールというより、おたがいへの思いやりなのです。	るうるというよりおたがいえのおもいやりなのです	るるというよりおたがいえのおもいやりなのです
3	ルールをよく知らないまま参加すると、自分に不利になることがある。	るうるおよくしらないままさんかするとじぶんにふりになることがある	るるおよくしらないままさんかするとじぶんにふりになることがある
3	れしーと	れしいと	れしと
3	レシートを確認したら、合計で三千円も払いすぎていた。	れしいとおかくにんしたらごおけえでさんぜんえんもわらいすぎてえた	れしとおかくにんしたらごおけえでさんせんえんもわらいすぎてえた
3	レポートには主観的な感想ではなく、事実を書くべきだと注意された。	れぽおとにわしゅかんてきなかんそおでわなくじじつおかくべきだとちゅういされた	れぽとにわしゅかんてきなかんそおでわなくじじつおかくべきだとちゅういされた
3	レポートの締め切りに間に合わせるため、徹夜で書いた。	れぽおとのしめきりにまにあわせるためてつやでかいた	れぽとのしめきりにまにあわせるためてつやでかいた
3	レポートの冒頭に、研究の要旨を三百字以内でまとめて記載してください。	れぽおとのぼおとおにけんきゅうのよおしおさんびゃくじいないでまとめてきさいしてください	れぽとのぼおとおにけんきゅうのよおしおさんひゃくじいないでまとめてきさいしてください
3	レポートは大体書き終わったので、あとは見直すだけです。	れぽおとわだいたいかきおわったのであとわみなおすだけです	れぽとわだいたいかきおわったのであとわみなおすだけです
3	レポートを書くときは、必ず複数の資料を参考にするようにしています。	れぽおとおかくときわかならずふくすうのしりょおさんこおにするよおにしてえます	れぽとおかくときわかならずふくすうのしりょおさんこおにするよおにしてえます
3	わがチームは、これで三年連続の優勝という快挙を成し遂げた。	わがちいむわこれでさんねんれんぞくのゆうしょおというかいきょおなしとげた	わがちむわこれでさんねんれんぞくのゆうしょおというかいきょおなしとげた
3	わずかな配線ミスで回路がショートし、装置全体が動かなくなってしまった。	わずかなわいせんみすでかいろがしょおとしそおちぜんたいがうごかなくなってしまった	わずかなわいせんみすでかいろがしょとしそおちぜんたいがうごかなくなってしまった
3	わずかな判断の誤りが、後に重大な事故を招くことも少なくない。	わずかなわんだんのあやまりがあとにじゅうだいなじこおまねくこともすくなくない	わずかなわんだんのあやまりがごにじゅうだいなじこおまねくこともすくなくない
3	わたしは まいあさ ろくじはんに おきます。それから シャワーを あびて、しちじに あさごはんを たべます。	わたしわまいあさろくじわんにおきますそれからしゃわあおあびてしちじにあさごわんおたべます	わたしわまいあさろくじわんにおきますそれからしゃわおあびてしちじにあさごわんおたべます
3	わたしはスポーツがあまり好きではありません。	わたしわすぽおつがあまりすきでわありません	わたしわすぽつがあまりすきでわありません
3	悪天候にもかかわらず、大勢の観客が会場に詰めかけた。	あくてんこおにもかかわらずおぜえのかんきゃくがかいじょおにつめかけた	あくてんこおにもかかわらずたいせえのかんきゃくがかいじょおにつめかけた
3	一時の失敗で部下を切り捨てるようでは、指導者としての器量が疑われる。	ひとときのしっぱいでぶかおきりすてるよおでわしどおしゃとしてのきりょおがうたがわれる	いちじのしっぱいでぶかおきりすてるよおでわしどおしゃとしてのきりょおがうたがわれる
3	一人しか来なかった。	ひとりしかこなかった	いちにんしかこなかった
3	一人だけ来た。	ひとりだけきた	いちにんだけきた
3	一人だったので、好きなものを好きなだけ注文できました。	ひとりだったのですきなものおすきなだけちゅうもんできました	いちにんだったのですきなものおすきなだけちゅうもんできました
3	一人だとさびしいこともあるが、そのぶん自分の時間をじゆうに使える。	ひとりだとさびしいこともあるがそのぶんじぶんのじかんおじゆうにつかえる	いちにんだとさびしいこともあるがそのぶんじぶんのじかんおじゆうにつかえる
3	一人では食べきれない量が出てきた。	ひとりでわたべきれないりょおがでてきた	いちにんでわたべきれないりょおがでてきた
3	一人でも大変な作業なのに、人手が減ればなおさら終わらない。	ひとりでもたいえんなさぎょおなのにひとでがえればなおさらおわらない	いちにんでもたいえんなさぎょおなのにひとでがえればなおさらおわらない
3	一人で食べる食事は、どんなに豪華でも味気ないものだ。	ひとりでたべるしょくじわどんなにごおかでもあじけないものだ	いちにんでたべるしょくじわどんなにごおかでもあじけないものだ
3	一人で暮らすのは寂しいですが、もう慣れました。	ひとりでくらすのわさびしいですがもおなれました	いちにんでくらすのわさびしいですがもおなれました
3	一人の夜は寂しいです。	ひとりのよるわさびしいです	いちにんのよるわさびしいです
3	一人暮らしをする上で、自炊のスキルは欠かせない。	ひとりぐらしおするじょおでじすいのすきるわかかせない	ひとりぐらしおするうえでじすいのすきるわかかせない
3	一度も立ち止まることなく、ゴールまで走り切った。	いちどもたちどまることなくごおるまでわしりきった	いちどもたちどまることなくごるまでわしりきった
3	一度植えつけられた不信感を払拭するのは、並大抵のことではない。	いちどおえつけられたふしんかんおふっしきするのわなみたいてえのことでわない	いちどおえつけられたふしんかんおふっしょくするのわなみたいてえのことでわない
3	一部の意見だけでなく、チーム全体の考えを聞いてから決めたいです。	いちぶのいけんだけでなくちいむぜんたいのかんがえおきいてからきめたいです	いちぶのいけんだけでなくちむぜんたいのかんがえおきいてからきめたいです
3	一分の無駄もないこの茶室の設計は、簡素の美の極致と言ってよい。	いちぶのむだもないこのちゃしつのせっけえわかんそのびのきょくちといってよい	いちふんのむだもないこのちゃしつのせっけえわかんそのびのきょくちといってよい
3	一本の川によって、その民族は南北に分断されたまま今日に至っている。	いっぽんのかわによってそのみんぞくわなんぼくにぶんだんされたままこんにちにいたってえる	いちほんのかわによってそのみんぞくわなんぼくにぶんだんされたままきょおにいたってえる
3	引っ越しを機に、駅からもっと近いアパートを探しているところです。	ひっこしおきにえきからもっとちかいあぱあとおさがしてえるところです	ひっこしおきにえきからもっとちかいあぱとおさがしてえるところです
3	飲まない→飲まなかった	のまないのまなかった	のまない→のまなかった
3	飲む→飲みます	のむのみます	のむ→のみます
3	雨が降ろうと降るまいと、いずれにせよ試合は予定どおり開催される。	あめがふろおとふるまいといずれにせよしあいわよてえどおりかいさいされる	あめがくだろおとふるまいといずれにせよしあいわよてえどおりかいさいされる
3	雨なのでタクシーで帰ります。	あめなのでたくしいでかえります	あめなのでたくしでかえります
3	雨に濡れた服を、ストーブの前で乾かしています。	あめにぬれたふくおすとおぶのまえでかわかしてえます	あめにぬれたふくおすとぶのまえでかわかしてえます
3	雨の日にサッカーをしたので、服が泥だらけになってしまった。	あめのひにさっかあおしたのでふくがどろだらけになってしまった	あめのひにさっかおしたのでふくがどろだらけになってしまった
3	雨も降っているし、疲れているし、タクシーで帰りましょう。	あめもふってえるしつかれてえるしたくしいでかえりましょお	あめもふってえるしつかれてえるしたくしでかえりましょお
3	英語でメールを送ります。	えごでめえるおくります	えごでめるおくります
3	駅のホームで、留学に行く友人をみんなで見送りました。	えきのほおむでりゅうがくにいくゆうじんおみんなでみおくりました	えきのほむでりゅうがくにいくゆうじんおみんなでみおくりました
3	駅の近くに大きなショッピングモールが建設される予定です。	えきのちかくにおきなしょっぴんぐもおるがけんせつされるよてえです	えきのちかくにおきなしょっぴんぐもるがけんせつされるよてえです
3	駅前に大勢の人が集まっています。	えきまえにおぜえのひとがあつまってえます	えきまえにたいせえのひとがあつまってえます
3	駅前の広場でコンサートが開かれます。	えきまえのひろばでこんさあとがひらかれます	えきまえのひろばでこんさとがひらかれます
3	応募が定員に達したため、受付を早めに締め切った。	おぼがてえんにたっしたためうけつけおわやめにしめきった	おぼがてえいんにたっしたためうけつけおわやめにしめきった
3	恩義ある主君に叛くことなど、彼の信念からしてできるはずもなかった。	おんぎあるしゅくんにそむくことなどかれのしんねんからしてできるわずもなかった	おんぎあるしゅくんに叛くことなどかれのしんねんからしてできるわずもなかった
3	恩師は当時の苦労を、今となっては懐かしいと静かに述懐した。	おんしわとおときのくろおいまとなってわなつかしいとしずかにじゅっかいした	おんしわとおじのくろおいまとなってわなつかしいとしずかにじゅっかいした
3	化石燃料の枯渇が現実味を帯びるにつれ、再生可能エネルギーへの転換が急務となっている。	かせきねんりょおのこかつがげんじつみおびるにつれさいせえかのおえねるぎいえのてんかんがきゅうむとなってえる	かせきねんりょおのこかつがげんじつみおびるにつれさいせえかのおえねるぎえのてんかんがきゅうむとなってえる
3	何度も交渉を試みたが、双方の主張の隔たりは埋まらなかった。	なんどもこおしょおこころみたがそおほおのしゅちょおのえだたりわうずまらなかった	なんどもこおしょおこころみたがそおほおのしゅちょおのえだたりわうまらなかった
3	加齢とともに血管は硬くなり、さまざまな病気の原因となりうる。	かれえとともにけっかんわかたくなりさまざまなびょおきのげんいんとなりうる	かよわいとともにけっかんわかたくなりさまざまなびょおきのげんいんとなりうる
3	加齢とともに軟骨がすり減り、階段の上り下りに痛みを感じるようになった。	かれえとともになんこつがすりえりかいだんののぼりくだりにいたみおかんじるよおになった	かよわいとともになんこつがすりえりかいだんののぼりくだりにいたみおかんじるよおになった
3	夏はいつもTシャツを着ます。	なつわいつもてぃいしゃつおきます	なつわいつもてぃしゃつおきます
3	夏はよくプールで泳ぎます。	なつわよくぷうるでおよぎます	なつわよくぷるでおよぎます
3	家族の心配をよそに、彼は一人で海外に旅立った。	かぞくのしんぱいおよそにかれわひとりでかいがいにたびだった	かぞくのしんぱいおよそにかれわいちにんでかいがいにたびだった
3	家族みんなでテーブルを囲んで、楽しく食事をした。	かぞくみんなでてえぶるおかこんでたのしくしょくじおした	かぞくみんなでてぶるおかこんでたのしくしょくじおした
3	火の中に取り残された子どもを、彼は勇敢にも一人で救い出した。	ひのなかにとりのこされたこどもおかれわゆうかんにもひとりですくいだした	ひのなかにとりのこされたこどもおかれわゆうかんにもいちにんですくいだした
3	荷物が思ったより重くて、一人で運ぶのは無理でした。	にもつがおもったよりおもくてひとりでわこぶのわむりでした	にもつがおもったよりおもくてえちにんでわこぶのわむりでした
3	過去のデータをもとに、今期の需要を予測する。	かこのでえたおもとにこんきのじゅよおよそくする	かこのでたおもとにこんきのじゅよおよそくする
3	過去十年のデータをもとに、来期の需要を算出した。	かこじゅうねんのでえたおもとにらいきのじゅよおさんしゅつした	かこじゅうねんのでたおもとにらいきのじゅよおさんしゅつした
3	過密なスケジュールが続き、心身ともに疲弊しきってしまった。	かみつなすけじゅうるがつずきしんしんともにひえしきってしまった	かみつなすけじゅるがつずきしんしんともにひえしきってしまった
3	介護を一人で抱え込み、彼女は精神的に追い詰められていった。	かいごおひとりでかかえこみかのじょわせえしんてきにおいつめられてえった	かいごおいちにんでかかえこみかのじょわせえしんてきにおいつめられてえった
3	会議で決まった内容は、チーム全員で共有しておきましょう。	かいぎできまったないよおわちいむぜんいんできょおゆうしておきましょお	かいぎできまったないよおわちむぜんいんできょおゆうしておきましょお
3	会議の内容を一枚のレポートに纏めて、明日までに提出してください。	かいぎのないよおいちまいのれぽおとにまとめてあしたまでにてえしゅつしてください	かいぎのないよおいちまいのれぽとにまとめてあしたまでにてえしゅつしてください
3	会議は三時から始まります。ちなみに、資料は昨日メールでお送りしました。	かいぎわさんじからわじまりますちなみにしりょおわきのおめえるでおくりしました	かいぎわさんじからわじまりますちなみにしりょおわきのおめるでおくりしました
3	会社に行かず、家で仕事をする「テレワーク」を取り入れる企業が増えています。	かいしゃにいかずいえでしごとおするてれわあくおとりいれるきぎょおがふえてえます	かいしゃにいかずいえでしごとおするてれわくおとりいれるきぎょおがふえてえます
3	開会の合図とともに、選手たちは一斉にスタートを切った。	かいかいのあいずとともにせんしゅたちわいっせえにすたあとおきった	かいかいのあいずとともにせんしゅたちわいっせえにすたとおきった
3	崖に露出した地層からは、当時の気候を知る手がかりが得られる。	がけにろしゅつしたちそおからわとおときのきこおしるてがかりがえられる	がけにろしゅつしたちそおからわとおじのきこおしるてがかりがえられる
3	核兵器の廃絶を訴える声は根強いが、抑止力を手放そうとしない国が後を絶たない。	かくえきのわいぜつおったえるこえわねずよいがよくしりょくおてばなそおとしないくにがあとおたたない	かくえきのわいぜつおったえるこえわねずよいがよくしりょくおてばなそおとしないくにがごおたたない
3	学界の主流に真っ向から異を唱える彼の異説は、当初ことごとく黙殺された。	がっかいのしゅりゅうにまっこおからいおとなえるかれのいせつわとおしょことごとくもくさつされた	がっかいのしゅりゅうにまっこおからことおとなえるかれのいせつわとおしょことごとくもくさつされた
3	寒いのでコートを着ます。	さむいのでこおとおきます	さむいのでことおきます
3	寒かったので、母は私の首にマフラーを巻いてくれました。	さむかったのでわわわわたしのくびにまふらあおまいてくれました	さむかったのでわわわわたしのくびにまふらおまいてくれました
3	寒くありません ＝ 寒くないです	さむくありませんさむくないです	さむくありません＝さむくないです
3	感情に流されず、データに基づいて合理的な判断を下すべきだ。	かんじょおにながされずでえたにもとずいてごおりてきなわんだんおくだすべきだ	かんじょおにながされずでたにもとずいてごおりてきなわんだんおくだすべきだ
3	環境破壊は、多くの野生動物の生存を脅かしている。	かんきょおわかいわおくのやせえどおぶつのせえぞんおどかしてえる	かんきょおわかいわおくのやせえどおぶつのせえぞんおびやかしてえる
3	甘い言葉で若い政治家を籠絡し、裏で意のままに操っていたらしい。	あまいことばでわかいせえじかおろおらくしうらでえのままにあやつってえたらしい	あまいことばでわかいせえじかおかご絡しうらでえのままにあやつってえたらしい
3	監督の何気ない一言は、作品全体のテーマを解く上で極めて示唆的だった。	かんとくのなにげないひとことわさくひんぜんたいのてえまおとくうえできわめてしさてきだった	かんとくのなにげないひとことわさくひんぜんたいのてまおとくうえできわめてしさてきだった
3	監督の巧みな采配で、チームは逆転勝利を収めた。	かんとくのたくみなさいわいでちいむわぎゃくてんしょおりおさめた	かんとくのたくみなさいわいでちむわぎゃくてんしょおりおさめた
3	関係各所の意見を聞きながら、スケジュールを細かく調整する必要がある。	かんけえかくしょのいけんおききながらすけじゅうるおこまかくちょおせえするひつよおがある	かんけえかくしょのいけんおききながらすけじゅるおこまかくちょおせえするひつよおがある
3	眼鏡をかけたままシャワーを浴びてしまいました。	めがねおかけたまましゃわあおあびてしまいました	めがねおかけたまましゃわおあびてしまいました
3	企画の立案から実行に至るまで、彼女が一人で担当した。	きかくのりつあんからじっこおにいたるまでかのじょがひとりでたんとおした	きかくのりつあんからじっこおにいたるまでかのじょがいちにんでたんとおした
3	季節に応じて、メニューを入れ替えている。	きせつにおじてめにゅうおいれかえてえる	きせつにおじてめにゅおいれかえてえる
3	記録的な豪雨により、各地で河川の氾濫が相次いだ。	きろくてきなごおによりかくちでかせんのわんらんがあいついだ	きろくてきなごおうによりかくちでかせんのわんらんがあいついだ
3	起業当初は順風満帆に見えたが、実は数々の困難を乗り越えてきたそうだ。	きぎょおとおしょわじゅんぷうまんぱんにみえたがじつわかずかずのこんなんおのりこえてきたそおだ	きぎょおとおしょわじゅんぷうまんほにみえたがじつわかずかずのこんなんおのりこえてきたそおだ
3	疑問があれば、問いかけるだけで、AIが瞬時に答えを示してくれる。	ぎもんがあればといかけるだけでえあいがしゅんじにこたえおしめしてくれる	ぎもんがあればといかけるだけでAIがしゅんじにこたえおしめしてくれる
3	逆に、こまめな情報の共有は、チーム全体の信頼とこうりつを高めてくれる。	ぎゃくにこまめなじょおほおのきょおゆうわちいむぜんたいのしんらいとこおりつおたかめてくれる	ぎゃくにこまめなじょおほおのきょおゆうわちむぜんたいのしんらいとこおりつおたかめてくれる
3	逆境に立たされたチームは、かえって固い結束を見せた。	ぎゃっきょおにたたされたちいむわかえってかたいけっそくおみせた	ぎゃっきょおにたたされたちむわかえってかたいけっそくおみせた
3	逆転ゴールが決まると、スタジアムは割れんばかりの歓声に包まれた。	ぎゃくてんごおるがきまるとすたじあむわわれんばかりのかんせえにつつまれた	ぎゃくてんごるがきまるとすたじあむわわれんばかりのかんせえにつつまれた
3	急ぎだと言われつつも、つい他の仕事を優先してしまった。	いそぎだといわれつつもついほかのしごとおゆうせんしてしまった	いそぎだといわれつつもついたのしごとおゆうせんしてしまった
3	急ブレーキをかけても、慣性のせいで荷物は前へ滑り出してしまった。	きゅうぶれえきおかけてもかんせえのせえでにもつわまえすべりだしてしまった	きゅうぶれきおかけてもかんせえのせえでにもつわまえすべりだしてしまった
3	強い風でテーブルの書類がばらばらになってしまった。	つよいかぜでてえぶるのしょるいがばらばらになってしまった	つよいかぜでてぶるのしょるいがばらばらになってしまった
3	教科書の十ページを開いてください。	きょおかしょのじゅっぺえじおひらいてください	きょおかしょのじゅうぺじおひらいてください
3	教会の鐘の音が町中に響いていました。	きょおかいのかねのおとがまちじゅうにひびいてえました	きょおかいのかねのおとがまちなかにひびいてえました
3	近年、AI技術の急速な発展により、様々な業界で自動化が進んでいます。一方で、人間にしかできない創造的な仕事の価値が、改めて見直されています。	きんねんえあいぎじゅつのきゅうそくなわってんによりさまざまなぎょおかいでじどおかがすすんでえますいっぽおでにんげんにしかできないそおぞおてきなしごとのかちがあらためてみなおされてえます	きんねんAIぎじゅつのきゅうそくなわってんによりさまざまなぎょおかいでじどおかがすすんでえますいっぽおでにんげんにしかできないそおぞおてきなしごとのかちがあらためてみなおされてえます
3	近年、インターネットの発達にともなって、働き方が大きく変わってきました。	きんねんいんたあねっとのわったつにともなってわたらきかたがおきくかわってきました	きんねんいんたねっとのわったつにともなってわたらきかたがおきくかわってきました
3	近年、物価の上昇が続いています。特に食料品とエネルギー価格の値上がりが、家計を圧迫しています。政府は対策を検討しているところです。	きんねんぶっかのじょおしょおがつずいてえますとくにしょくりょおひんとえねるぎいかかくのねあがりがかけえおあっぱくしてえますせえふわたいさくおけんとおしてえるところです	きんねんぶっかのじょおしょおがつずいてえますとくにしょくりょおひんとえねるぎかかくのねあがりがかけえおあっぱくしてえますせえふわたいさくおけんとおしてえるところです
3	九回裏の逆転満塁ホームランは、まさに起死回生の一打だった。	きゅうかいうらのぎゃくてんまんるいほおむらんわまさにきしかいせえのいちだだった	きゅうかいうらのぎゃくてんまんるいほむらんわまさにきしかいせえのいちだだった
3	兄はスポーツが好きだ。一方、弟は読書が好きだ。	あにわすぽおつがすきだいっぽおとおとわどくしょがすきだ	あにわすぽつがすきだいっぽおとおとわどくしょがすきだ
3	契約が白紙に戻るに至った経緯を、担当者に詳しく説明してもらった。	けえやくがわくしにもどるにいたったけえおたんとおしゃにくわしくせつめえしてもらった	けえやくがわくしにもどるにいたったけえいおたんとおしゃにくわしくせつめえしてもらった
3	契約書の細かい条項まで確認しないと、後で思わぬ不利益を被りかねない。	けえやくしょのこまかいじょおこおまでかくにんしないとあとでおもわぬふりえきおかむりかねない	けえやくしょのこまかいじょおこおまでかくにんしないとあとでおもわぬふりえきおこおむりかねない
3	契約書をよく読まずにサインしてしまい、後悔しても今さら後の祭りだ。	けえやくしょおよくよまずにさいんしてしまいこおかいしてもいまさらあとのまつりだ	けえやくしょおよくよまずにさいんしてしまいこおかいしてもいまさらごのまつりだ
3	敬語すら苦手なのに、ましてやスピーチなんてとても無理だ。	けえごすらにがてなのにましてやすぴいちなんてとてもむりだ	けえごすらにがてなのにましてやすぴちなんてとてもむりだ
3	経験豊かなコーチの指導のもと、選手たちは着実に力をつけた。	けえけんゆたかなこおちのしどおのもとせんしゅたちわちゃくじつにちからおつけた	けえけんゆたかなこちのしどおのもとせんしゅたちわちゃくじつにちからおつけた
3	経済が疲弊しているにもかかわらず、その国は過剰なまでに軍備の増強に予算を注ぎ込んでいる。	けえざいがひえしてえるにもかかわらずそのくにわかじょおなまでにぐんびのぞおきょおによさんおつぎこんでえる	けえざいがひえしてえるにもかかわらずそのくにわかじょおなまでにぐんびのぞおきょおによさんおそそぎこんでえる
3	経費を大幅に削減する一方で、サービスの質は決して落とすまいと心に決めた。	けえひおわばにさくげんするいっぽおでさあびすのしつわけっしておとすまいとこころにきめた	けえひおわばにさくげんするいっぽおでさびすのしつわけっしておとすまいとこころにきめた
3	計画そのものは申し分ないが、人手不足という隘路をどう打開するかが課題だ。	けえかくそのものわもおしぶんないがひとでぶそくというあいろおどおだかいするかがかだいだ	けえかくそのものわもおしぶんないがひとでふそくという隘ろおどおだかいするかがかだいだ
3	警察は詐欺グループの主犯格を、逃亡先の海外で検挙した。	けえさつわさぎぐるうぷのしゅわんかくおとおぼおさきのかいがいでけんきょした	けえさつわさぎぐるぷのしゅわんかくおとおぼおさきのかいがいでけんきょした
3	警察は入念な内偵の末、詐欺グループを一網打尽にした。	けえさつわにゅうねんなないてえのすえさぎぐるうぷおいちもおだじんにした	けえさつわにゅうねんなないてえのすえさぎぐるぷおいちもおだじんにした
3	軽率な発言でプライバシーを世間に晒す結果となり、彼は深く後悔した。	けえそつなわつげんでぷらいばしいおせけんにさらすけっかとなりかれわふかくこおかいした	けえそつなわつげんでぷらいばしおせけんにさらすけっかとなりかれわふかくこおかいした
3	血流が途絶えた指先は、放置すれば壊疽を起こしかねない。	けつりゅうがとだえたゆびさきわほおちすればえそおこしかねない	ちりゅうがとだえたゆびさきわほおちすればえそおこしかねない
3	喧騒を離れ、彼は緑に囲まれた閑静な住宅街に居を構えることにした。	けんそおわなれかれわみどりにかこまれたかんせえなじゅうたくがいにいおかまえることにした	けんそおわなれかれわみどりにかこまれたかんせえなじゅうたくがいにきょおかまえることにした
3	検査の結果、直腸にごく小さなポリープが見つかった。	けんさのけっかちょくちょおにごくちいさなぽりいぷがみつかった	けんさのけっかちょくちょおにごくちいさなぽりぷがみつかった
3	見た目の売上高に惑わされず、まずは粗利がどれだけ確保できているかを見極めるべきだ。	みためのおりあげだかにまどわされずまずわあらりがどれだけかくほできてえるかおみきわめるべきだ	みためのおりあげだかにまどわされずまずわそりがどれだけかくほできてえるかおみきわめるべきだ
3	厳しい練習を続けた結果、私たちのチームはついに優勝しました。	きびしいれんしゅうおつずけたけっかわたしたちのちいむわついにゆうしょおしました	きびしいれんしゅうおつずけたけっかわたしたちのちむわついにゆうしょおしました
3	限りある資源を守るため、再生可能エネルギーへの転換が急がれている。	かぎりあるしげんおまもるためさいせえかのおえねるぎいえのてんかんがいそがれてえる	かぎりあるしげんおまもるためさいせえかのおえねるぎえのてんかんがいそがれてえる
3	個人情報を含む書類は、シュレッダーにかけたうえで廃棄するよう義務づけられている。	こじんじょおほおふくむしょるいわしゅれっだあにかけたうえでわいきするよおぎむずけられてえる	こじんじょおほおふくむしょるいわしゅれっだにかけたうえでわいきするよおぎむずけられてえる
3	個人情報を保護するため、パスワードは定期的に変更してください。	こじんじょおほおほごするためぱすわあどわてえきてきにえんこおしてください	こじんじょおほおほごするためぱすわどわてえきてきにえんこおしてください
3	個性の強いメンバーを一つに束ねるのは、並大抵のことではない。	こせえのつよいめんばあおひとつにたばねるのわなみたいてえのことでわない	こせえのつよいめんばおひとつにたばねるのわなみたいてえのことでわない
3	顧客からの苦情には、担当者が誠意をもって迅速に対応することが求められる。	こきゃくからのくじょおにわたんとおしゃがせえおもってじんそくにたいおすることがもとめられる	こきゃくからのくじょおにわたんとおしゃがせえいおもってじんそくにたいおすることがもとめられる
3	顧客の信頼を失うことは、とりもなおさず会社の存続を危うくすることに他ならない。	こきゃくのしんらいおしなうことわとりもなおさずかいしゃのそんぞくおあやうくすることにほかならない	こきゃくのしんらいおしなうことわとりもなおさずかいしゃのそんぞくおあやうくすることにたならない
3	公園で子どもたちがボールで遊んでいます。	こおえんでこどもたちがぼおるであそんでえます	こおえんでこどもたちがぼるであそんでえます
3	公開直後、その映画は評論家から酷評されたが、後に再評価された。	こおかいちょくごそのえがわひょおろんかからこくひょおされたがあとにさいひょおかされた	こおかいちょくごそのえがわひょおろんかからこくひょおされたがごにさいひょおかされた
3	公的機関の名を騙って金を振り込ませる手口が、後を絶たない。	こおてききかんのなおかたってきんおふりこませるてぐちがあとおたたない	こおてききかんのなおかたってきんおふりこませるてぐちがごおたたない
3	口先だけでなく、実際の行動で誠意を示すことが何より大切だ。	くちさきだけでなくじっさいのこおどおでせえおしめすことがなによりたいせつだ	くちさきだけでなくじっさいのこおどおでせえいおしめすことがなによりたいせつだ
3	工事の音が喧しくて、電話の声がほとんど聞こえませんでした。	こおじのおとがかまびすしくてでんわのこえがほとんどきこえませんでした	こおじのおとがやかましくてでんわのこえがほとんどきこえませんでした
3	幸い、事故による被害は軽微で、けが人は一人も出なかった。	さいわいじこによるひがいわけえびでけがにんわひとりもでなかった	さいわいじこによるひがいわけえびでけがにんわいちにんもでなかった
3	広大な領土を一人の王が統べるのは、決して容易なことではなかった。	こおだいなりょおどおひとりのおがすべるのわけっしてよおいなことでわなかった	こおだいなりょおどおいちにんのおがすべるのわけっしてよおいなことでわなかった
3	港には巨大なタンカーが何隻も停泊し、その規模に圧倒された。	みなとにわきょだいなたんかあがなんせきもてえわくしそのきぼにあっとおされた	みなとにわきょだいなたんかがなんせきもてえわくしそのきぼにあっとおされた
3	荒天で遅れていたフェリーが、ようやく港に着岸した。	こおてんでおくれてえたふぇりいがよおやくみなとにちゃくがんした	こおてんでおくれてえたふぇりがよおやくみなとにちゃくがんした
3	荒野の只中に、その古城は数百年もの間、変わらず屹立してきた。	あらののただなかにそのこじょおわすうひゃくねんものかんかわらずきつりつしてきた	あらののただちゅうにそのこじょおわすうひゃくねんものかんかわらずきつりつしてきた
3	高齢化が進むにつれて、介護サービスへの需要はますます高まっている。	こおれえかがすすむにつれてかいごさあびすえのじゅよおわますますたかまってえる	こおれえかがすすむにつれてかいごさびすえのじゅよおわますますたかまってえる
3	高齢者を狙った悪質な訪問販売が後を絶たず、当局は注意を呼びかけている。	こおれえしゃおねらったあくしつなほおもんわんばいがあとおたたずとおきょくわちゅういおよびかけてえる	こおれえしゃおねらったあくしつなほおもんわんばいがごおたたずとおきょくわちゅういおよびかけてえる
3	合格の通知がメールで届いたときは、思わず声を上げて喜んだ。	ごおかくのつうちがめえるでとどいたときわおもわずこえおあげてよろこんだ	ごおかくのつうちがめるでとどいたときわおもわずこえおあげてよろこんだ
3	合格の通知は、来週正式にメールで送られてくるそうです。	ごおかくのつうちわらいしゅうせえしきにめえるでおくられてくるそおです	ごおかくのつうちわらいしゅうせえしきにめるでおくられてくるそおです
3	合図とともに、選手たちは一斉にスタートを切った。	あいずとともにせんしゅたちわいっせえにすたあとおきった	あいずとともにせんしゅたちわいっせえにすたとおきった
3	国際会議でスピーチする機会を頂き、光栄の至りです。	こくさいかいぎですぴいちするきかいおいただきこおえのいたりです	こくさいかいぎですぴちするきかいおいただきこおえのいたりです
3	骨董品の価値を見極めるには、長年の経験に裏打ちされた審美眼が欠かせない。	こっとおひんのかちおみきわめるにわながねんのけえけんにうらうちされたしんびがんがかかせない	こっとおひんのかちおみきわめるにわながねんのけえけんにうらうちされたしんびめがかかせない
3	今回のアンケートは、二十代の女性を対象に実施された。	こんかいのあんけえとわにじゅうだいのじょせえおたいしょおにじっしされた	こんかいのあんけとわにじゅうだいのじょせえおたいしょおにじっしされた
3	今回のアンケート結果は、概して好意的なものだった。	こんかいのあんけえとけっかわがいしてこおいてきなものだった	こんかいのあんけとけっかわがいしてこおいてきなものだった
3	今回のアンケート結果は、来年度の方針に十分に反映される予定だ。	こんかいのあんけえとけっかわらいねんどのほおしんにじゅうぶんにわんえされるよてえだ	こんかいのあんけとけっかわらいねんどのほおしんにじゅうぶんにわんえされるよてえだ
3	今回のプロジェクトでは、経験の浅い社員とベテランがチームを組むことになった。	こんかいのぷろじぇくとでわけえけんのあさいしゃいんとべてらんがちいむおくむことになった	こんかいのぷろじぇくとでわけえけんのあさいしゃいんとべてらんがちむおくむことになった
3	今期の業績は、チームの努力いかんにかかっている。	こんきのぎょおせきわちいむのどりょくいかんにかかってえる	こんきのぎょおせきわちむのどりょくいかんにかかってえる
3	今日の会議の議事録は、後で全員にメールで送っておきます。	きょおのかいぎのぎじろくわあとでぜんいんにめえるでおくっておきます	きょおのかいぎのぎじろくわあとでぜんいんにめるでおくっておきます
3	今日の晩ご飯はカレーです。	きょおのばんごわんわかれえです	きょおのばんごわんわかれです
3	今年の秋は、落ち着いた色合いのコートが流行しているらしい。	ことしのあきわおちついたいろあいのこおとがりゅうこおしてえるらしい	ことしのあきわおちついたいろあいのことがりゅうこおしてえるらしい
3	今年の冬は、この色のコートが流行しているらしい。	ことしのふゆわこのいろのこおとがりゅうこおしてえるらしい	ことしのふゆわこのいろのことがりゅうこおしてえるらしい
3	困難な状況を乗り越えるには、一人の力より皆の知恵を集めることが大切だ。	こんなんなじょおきょおのりこえるにわひとりのちからよりみなのちえおあつめることがたいせつだ	こんなんなじょおきょおのりこえるにわいちにんのちからよりみなのちえおあつめることがたいせつだ
3	混んでいて、なかなかタクシーがつかまらない。	こんでえてなかなかたくしいがつかまらない	こんでえてなかなかたくしがつかまらない
3	再三再四注意したにもかかわらず、彼はいっこうに態度を改めようとしない。	さいさんさいしちゅういしたにもかかわらずかれわいっこおにたいどおあらためよおとしない	さいさんさいよんちゅういしたにもかかわらずかれわいっこおにたいどおあらためよおとしない
3	最近は太陽光など、自然のエネルギーが注目されています。	さいきんわたいよおこおなどしぜんのえねるぎいがちゅうもくされてえます	さいきんわたいよおこおなどしぜんのえねるぎがちゅうもくされてえます
3	最終回、彼は獅子奮迅の活躍でチームを逆転勝利に導いた。	さいしゅうかいかれわししふんじんのかつやくでちいむおぎゃくてんしょおりにみちびいた	さいしゅうかいかれわししふんじんのかつやくでちむおぎゃくてんしょおりにみちびいた
3	最終電車のアナウンスが流れるや否や、乗客が一斉にホームへ急いだ。	さいしゅうでんしゃのあなうんすがながれるやいなやじょおきゃくがいっせえにほおむえそいだ	さいしゅうでんしゃのあなうんすがながれるやいなやじょおきゃくがいっせえにほむえそいだ
3	最終盤で相手のミスに救われ、我がチームは辛くも初戦を勝ち抜いた。	さいしゅうばんであいてのみすにすくわれわがちいむわからくもしょせんおかちぬいた	さいしゅうばんであいてのみすにすくわれわがちむわからくもしょせんおかちぬいた
3	最新の調査によると、若い人の約六十パーセントが在宅勤務を希望しているそうです。理由として、通勤時間の節約が最も多く挙げられています。	さいしんのちょおさによるとわかいひとのやくろくじゅっぱあせんとがざいたくきんむおきぼおしてえるそおですりゆうとしてつうきんじかんのせつやくがもっともおくあげられてえます	さいしんのちょおさによるとわかいひとのやくろくじゅうぱせんとがざいたくきんむおきぼおしてえるそおですりゆうとしてつうきんじかんのせつやくがもっともおくあげられてえます
3	最適な配合を見つけるまで、研究チームは何百回もの試行錯誤を重ねてきた。	さいてきなわいごおみつけるまでけんきゅうちいむわなんびゃっかいものしこおさくごおかさねてきた	さいてきなわいごおみつけるまでけんきゅうちむわなんひゃくかいものしこおさくごおかさねてきた
3	災害に備えて、飲料水と食料を最低三日分は確保しておくべきだ。	さいがいにそなえてえんりょおすいとしょくりょおさいてえみっかぶんわかくほしておくべきだ	さいがいにそなえてえんりょおすいとしょくりょおさいてえさんにちぶんわかくほしておくべきだ
3	災害に備えて、住民たちは自分たちで救助チームを組織した。	さいがいにそなえてじゅうみんたちわじぶんたちできゅうじょちいむおそしきした	さいがいにそなえてじゅうみんたちわじぶんたちできゅうじょちむおそしきした
3	祭りの日には、この通りは大勢の人出で賑やかになる。	まつりのひにわこのとおりわおぜえのひとででにぎやかになる	まつりのひにわこのとおりわたいせえのひとででにぎやかになる
3	作業中はこまめにファイルを保存しないと、データを失う恐れがある。	さぎょおちゅうわこまめにふぁいるおほぞんしないとでえたおしなうおそれがある	さぎょおちゅうわこまめにふぁいるおほぞんしないとでたおしなうおそれがある
3	昨日、ゲームをやりすぎました。	きのおげえむおやりすぎました	きのおげむおやりすぎました
3	昨日のコンサートは素晴らしかったです。	きのおのこんさあとわすばらしかったです	きのおのこんさとわすばらしかったです
3	三時間も並んで、やっと人気のラーメン屋に入ることができました。	さんじかんもならんでやっとにんきのらあめんやにわいることができました	さんじかんもならんでやっとにんきのらめんやにわいることができました
3	三日も寝ていないので、今は何も考えられない状態です。	みっかもねてえないのでえまわなにもかんがえられないじょおたいです	さんにちもねてえないのでえまわなにもかんがえられないじょおたいです
3	参加者を三つのグループに分けて、それぞれ課題に取り組ませた。	さんかしゃおみっつのぐるうぷにわけてそれぞれかだいにとりくませた	さんかしゃおみっつのぐるぷにわけてそれぞれかだいにとりくませた
3	山の中では通信が不安定で、メールがなかなか送れなかった。	やまのなかでわつうしんがふあんてえでめえるがなかなかおくれなかった	やまのなかでわつうしんがふあんてえでめるがなかなかおくれなかった
3	残ったスープは容器に入れて冷蔵庫に保存してください。	のこったすうぷわよおきにいれてれえぞおこにほぞんしてください	のこったすぷわよおきにいれてれえぞおこにほぞんしてください
3	仕事とプライベートは、しっかり気持ちを切り替えるようにしている。	しごととぷらいべえとわしっかりきもちおきりかえるよおにしてえる	しごととぷらいべとわしっかりきもちおきりかえるよおにしてえる
3	仕事のあとに飲む冷たいビールは、堪らなくおいしい。	しごとのあとにのむつめたいびいるわたまらなくおいしい	しごとのあとにのむつめたいびるわたまらなくおいしい
3	使い方がわからなければ、私がもう一度説明いたします。	つかいかたがわからなければわたしがもおいちどせつめえたします	つかいかたがわからなければわたしがもおいちどせつめえいたします
3	姉がマフラーを編んでくれました。	あねがまふらあおあんでくれました	あねがまふらおあんでくれました
3	姉は毎日ピアノを弾きます。	あねわまいにちぴあのおひきます	あねわまいにちぴあのおわじきます
3	子どもが思いっきりボールを蹴ったら、隣の家の窓に当たってしまった。	こどもがおもいっきりぼおるおけったらとなりのいえのまどにあたってしまった	こどもがおもいっきりぼるおけったらとなりのいえのまどにあたってしまった
3	子どもの頃、夕焼けが消えてしまうまで、我を忘れて遊びに興じたものだ。	こどものころゆうやけがきえてしまうまでがおわすれてあそびにきょおじたものだ	こどものころゆうやけがきえてしまうまでわがおわすれてあそびにきょおじたものだ
3	子どもはジュースが好きです。	こどもわじゅうすがすきです	こどもわじゅすがすきです
3	子供のころ、一人で寝るのが恐かったです。	こどものころひとりでねるのがこわかったです	こどものころいちにんでねるのがこわかったです
3	子供の頃、苦手なピーマンを食べさせられました。	こどものころにがてなぴいまんおたべさせられました	こどものころにがてなぴまんおたべさせられました
3	施設の周囲は二十四時間、カメラで監視されている。	しせつのしゅういわにじゅうよじかんかめらでかんしされてえる	しせつのしゅういわにじゅうよんじかんかめらでかんしされてえる
3	私が書いたエッセイが、雑誌の特集ページに掲載されました。	わたしがかいたえっせえがざっしのとくしゅうぺえじにけえさいされました	わたしがかいたえっせえがざっしのとくしゅうぺじにけえさいされました
3	私の家族は四人です。	わたしのかぞくわよにんです	わたしのかぞくわよんにんです
3	脂っこいものを食べすぎたせいか、なかなか消化されず、胃がもたれている。	あぶらっこいものおたべすぎたせえかなかなかしょおかされずいがもたれてえる	やにっこいものおたべすぎたせえかなかなかしょおかされずいがもたれてえる
3	試合の前、監督は選手たちを一人ずつ激励して、自信を持たせました。	しあいのまえかんとくわせんしゅたちおひとりずつげきれえしてじしんおもたせました	しあいのまえかんとくわせんしゅたちおいちにんずつげきれえしてじしんおもたせました
3	試合の日は、家族みんなでチームを応援しに行きます。	しあいのひわかぞくみんなでちいむおえんしにいきます	しあいのひわかぞくみんなでちむおえんしにいきます
3	事件の報道が過熱し、被害者のプライバシーが侵害されている。	じけんのほおどおがかねつしひがいしゃのぷらいばしいがしんがいされてえる	じけんのほおどおがかねつしひがいしゃのぷらいばしがしんがいされてえる
3	事故のショックで、彼は当時の記憶をすっかり喪失してしまったという。	じこのしょっくでかれわとおときのきおくおすっかりそおしつしてしまったという	じこのしょっくでかれわとおじのきおくおすっかりそおしつしてしまったという
3	事故のニュースが飛び込むまで、その町の暮らしは実に平穏なものだった。	じこのにゅうすがとびこむまでそのまちのくらしわじつにえおんなものだった	じこのにゅすがとびこむまでそのまちのくらしわじつにえおんなものだった
3	事故の原因を調べるため、警察が詳しい調査を行っています。	じこのげんいんおしらべるためけえさつがくわしいちょおさおいってえます	じこのげんいんおしらべるためけえさつがくわしいちょおさおこなってえます
3	事故の原因を突き止めるため、当時の状況をつぶさに調べ上げた。	じこのげんいんおつきとめるためとおときのじょおきょおつぶさにしらべあげた	じこのげんいんおつきとめるためとおじのじょおきょおつぶさにしらべあげた
3	事故の現場には、大勢の記者が集まって取材していました。	じこのげんばにわおぜえのきしゃがあつまってしゅざいしてえました	じこのげんばにわたいせえのきしゃがあつまってしゅざいしてえました
3	事故の真相を徹底的に究明することが、遺族への何よりの誠意だ。	じこのしんそおてってえてきにきゅうめえすることがいぞくえのなによりのせえだ	じこのしんそおてってえてきにきゅうめえすることがいぞくえのなによりのせえいだ
3	事故を防止するために、工場では厳しいルールが決められている。	じこおぼおしするためにこおじょおでわきびしいるうるがきめられてえる	じこおぼおしするためにこおじょおでわきびしいるるがきめられてえる
3	事前に十分打ち合わせをしておいたおかげで、当日の進行は実にスムーズだった。	じぜんにじゅうぶんうちあわせおしておいたおかげでとおじつのしんこおわじつにすむうずだった	じぜんにじゅうぶんうちあわせおしておいたおかげでとおじつのしんこおわじつにすむずだった
3	時が経てば、辛いことも忘れていくものだ。	じがたてばつらいこともわすれてえくものだ	ときがたてばつらいこともわすれてえくものだ
3	時間が限られているので、提案の骨子だけを手短にご説明いたします。	じかんがかぎられてえるのでてえあんのこっしだけおてみじかにごせつめえたします	じかんがかぎられてえるのでてえあんのこっしだけおてみじかにごせつめえいたします
3	時間的にも物理的にも、一人でこの量をこなすのは不可能だ。	じかんてきにもぶつりてきにもひとりでこのりょおこなすのわふかのおだ	じかんてきにもぶつりてきにもいちにんでこのりょおこなすのわふかのおだ
3	自画自賛になりますが、今回のプロジェクトの成功はチーム全員の努力の賜物だと自負しています。	じがじさんになりますがこんかいのぷろじぇくとのせえこおわちいむぜんいんのどりょくのたまものだとじふしてえます	じがじさんになりますがこんかいのぷろじぇくとのせえこおわちむぜんいんのどりょくのたまものだとじふしてえます
3	自転車のブレーキが効かなくなったので、駅前の店で修理してもらった。	じてんしゃのぶれえきがきかなくなったのでえきまえのみせでしゅうりしてもらった	じてんしゃのぶれきがきかなくなったのでえきまえのみせでしゅうりしてもらった
3	式典は、大勢の参列者が見守る中、粛々と執り行われた。	しきてんわおぜえのさんれつしゃがみまもるなかしゅくしゅくととりおこなわれた	しきてんわたいせえのさんれつしゃがみまもるなかしゅくしゅくととりおこなわれた
3	実験データの改竄が発覚し、その論文は撤回を余儀なくされた。	じっけんでえたのかいざんがわっかくしそのろんぶんわてっかいおよぎなくされた	じっけんでたのかいざんがわっかくしそのろんぶんわてっかいおよぎなくされた
3	実力者と目されていた選手が初戦で敗れるとは、まったく意外な結果だった。	じつりょくしゃともくされてえたせんしゅがしょせんでやぶれるとわまったくいがいなけっかだった	じつりょくしゃとめされてえたせんしゅがしょせんでやぶれるとわまったくいがいなけっかだった
3	社員の個人情報が漏れないよう、パスワードは厳重に管理されています。	しゃいんのこじんじょおほおがもれないよおぱすわあどわげんじゅうにかんりされてえます	しゃいんのこじんじょおほおがもれないよおぱすわどわげんじゅうにかんりされてえます
3	社会のニュースを見ます。	しゃかいのにゅうすおみます	しゃかいのにゅすおみます
3	社会人である上は、社会のルールを守るべきだ。	しゃかいじんであるうえわしゃかいのるうるおまもるべきだ	しゃかいじんであるうえわしゃかいのるるおまもるべきだ
3	社交界にデビューした彼女は、華麗なドレスで人々の視線を独占した。	しゃこおかいにでびゅうしたかのじょわかれえなどれすでひとびとのしせんおどくせんした	しゃこおかいにでびゅしたかのじょわかれえなどれすでひとびとのしせんおどくせんした
3	社内で使う書類のフォーマットを統一することになりました。	しゃないでつかうしょるいのふぉおまっとおとおいつすることになりました	しゃないでつかうしょるいのふぉまっとおとおいつすることになりました
3	社内に諦めムードが蔓延し、誰も改革に手をつけようとしない。	しゃないにあきらめむうどがまんえんしだれもかいかくにておつけよおとしない	しゃないにあきらめむどがまんえんしだれもかいかくにておつけよおとしない
3	借金がかさむと、元本どころか利息を返すだけで精一杯という状況に陥りかねない。	しゃっきんがかさむとがんぽんどころかりそくおかえすだけでせえっぱいというじょおきょおにおちいりかねない	しゃっきんがかさむとがんぽんどころかりそくおかえすだけでせえいっぱいというじょおきょおにおちいりかねない
3	若い頃には分からなかった、この俳優の演技の渋味が今では味わえる。	わかいころにわわからなかったこのわいゆうのえんぎのしぶあじがいまでわあじわえる	わかいころにわわからなかったこのわいゆうのえんぎのしぶみがいまでわあじわえる
3	若手デザイナーが提案した斬新なデザインが、審査員に高く評価された。	わかてでざいなあがてえあんしたざんしんなでざいんがしんさいんにたかくひょおかされた	わかてでざいながてえあんしたざんしんなでざいんがしんさいんにたかくひょおかされた
3	主力選手の相次ぐ故障で、チームは開幕早々にして苦境に立たされた。	しゅりょくせんしゅのあいつぐこしょおでちいむわかいまくそおそおにしてくきょおにたたされた	しゅりょくせんしゅのあいつぐこしょおでちむわかいまくそおそおにしてくきょおにたたされた
3	取材もせずに書かれたその記事は、後に全面的な捏造であったことが判明した。	しゅざいもせずにかかれたそのきじわあとにぜんめんてきなねつぞおであったことがわんめえした	しゅざいもせずにかかれたそのきじわごにぜんめんてきなねつぞおであったことがわんめえした
3	守りを固める相手の意表を突く奇策が、まんまと功を奏した。	まもりおかためるあいてのいひょおつくきさくがまんまとこおそおした	もりおかためるあいてのいひょおつくきさくがまんまとこおそおした
3	手続きがすべて完了しましたので、明日から新しいサービスをご利用いただけます。	てつずきがすべてかんりょおしましたのであしたからあたらしいさあびすおごりよおいただけます	てつずきがすべてかんりょおしましたのであしたからあたらしいさびすおごりよおいただけます
3	手続きが完了しましたら、確認のメールをお送りいたします。	てつずきがかんりょおしましたらかくにんのめえるおくりいたします	てつずきがかんりょおしましたらかくにんのめるおくりいたします
3	手続きが煩雑すぎて、助成金の申請を諦める中小企業が後を絶たない。	てつずきがわんざつすぎてじょせえきんのしんせえおあきらめるちゅうしょおきぎょおがあとおたたない	てつずきがわんざつすぎてじょせえきんのしんせえおあきらめるちゅうしょおきぎょおがごおたたない
3	首位の座をめぐる両チームの熾烈な争いは、最終戦までもつれ込んだ。	しゅいのざおめぐるりょおちいむのしれつなあらそいわさいしゅうせんまでもつれこんだ	しゅいのざおめぐるりょおちむのしれつなあらそいわさいしゅうせんまでもつれこんだ
3	収入が固定されていないフリーランスは、将来の設計を立てにくい。	しゅうにゅうがこてえされてえないふりいらんすわしょおらいのせっけえおたてにくい	しゅうにゅうがこてえされてえないふりらんすわしょおらいのせっけえおたてにくい
3	周囲が彼の突飛な計画を嗤う中、彼だけは本気でそれを信じていた。	しゅういがかれのとっぴなけえかくおわらうなかかれだけわほんきでそれおしんじてえた	しゅういがかれのとっぴなけえかくお嗤うなかかれだけわほんきでそれおしんじてえた
3	周囲の協力が得られないなか、彼女はたった一人で孤軍奮闘し続けた。	しゅういのきょおりょくがえられないなかかのじょわたったひとりでこぐんふんとおしつずけた	しゅういのきょおりょくがえられないなかかのじょわたったいちにんでこぐんふんとおしつずけた
3	週末は晴れです。→ 週末は晴れだ。	しゅうまつわわれですしゅうまつわわれだ	しゅうまつわわれです→しゅうまつわわれだ
3	週末は大抵家で読書をして過ごす。	しゅうまつわたいてえでどくしょおしてすごす	しゅうまつわたいてえかでどくしょおしてすごす
3	集めたデータを内容ごとに分類すると、分析がずっと楽になります。	あつめたでえたおないよおごとにぶんるいするとぶんせきがずっとらくになります	あつめたでたおないよおごとにぶんるいするとぶんせきがずっとらくになります
3	住宅ローンを組むなら、利率が低いうちに決めたほうがいいですよ。	じゅうたくろおんおくむならりりつがひくいうちにきめたほおがいですよ	じゅうたくろんおくむならりりつがひくいうちにきめたほおがいですよ
3	住宅ローンを組む際は、各銀行の利率を比較して選ぶべきだ。	じゅうたくろおんおくむさいわかくぎんこおのりりつおひかくしてえらぶべきだ	じゅうたくろんおくむさいわかくぎんこおのりりつおひかくしてえらぶべきだ
3	従業員の健康を守ることは、延いては会社全体の生産性の向上にもつながる。	じゅうぎょおいんのけんこおまもることわひいてわかいしゃぜんたいのせえさんせえのこおじょおにもつながる	じゅうぎょおいんのけんこおまもることわのべえてわかいしゃぜんたいのせえさんせえのこおじょおにもつながる
3	重いから、この机を一人で動かせない。	おもいからこのつくえおひとりでうごかせない	おもいからこのつくえおいちにんでうごかせない
3	重要なページに付箋を挟んでおくと、後で探しやすいですよ。	じゅうよおなぺえじにふせんおわさんでおくとあとでさがしやすいですよ	じゅうよおなぺじにふせんおわさんでおくとあとでさがしやすいですよ
3	出勤するまえに、ニュースを見ます。	しゅっきんするまえににゅうすおみます	しゅっきんするまえににゅすおみます
3	出席者数が定員を大幅に下回ったため、講演会は中止された。	しゅっせきしゃすうがてえんおわばにしたまわったためこおえんかいわちゅうしされた	しゅっせきしゃすうがてえいんおわばにしたまわったためこおえんかいわちゅうしされた
3	準備不足のまま臨んだ交渉は、案の定うまくいかなかった。	じゅんびぶそくのままのぞんだこおしょおわあんのじょおまくいかなかった	じゅんびふそくのままのぞんだこおしょおわあんのじょおうまくいかなかった
3	順風満帆に見えた事業も一夜で傾いた。まさに一寸先は闇だ。	じゅんぷうまんぱんにみえたじぎょおもいちやでかたむいたまさにいっすんさきわやみだ	じゅんぷうまんほにみえたじぎょおもいちやでかたむいたまさにいっすんさきわやみだ
3	初めてのスピーチの前で、心臓がどきどきして止まらなかった。	わじめてのすぴいちのまえでしんぞおがどきどきしてとまらなかった	わじめてのすぴちのまえでしんぞおがどきどきしてとまらなかった
3	暑いので、帽子を被って出かけます。	あついのでぼおしおかぶってでかけます	あついのでぼおしおこおむってでかけます
3	暑さに耐えきれず、子どもたちは次々とプールに飛び込んだ。	あつさにたえきれずこどもたちわつぎつぎとぷうるにとびこんだ	あつさにたえきれずこどもたちわつぎつぎとぷるにとびこんだ
3	将来性を見込んで、複数のベンチャー企業に出資したものの、思うような成果は上がっていない。	しょおらいせえおみこんでふくすうのべんちゃあきぎょおにしゅっししたもののおもおよおなせえかわあがってえない	しょおらいせえおみこんでふくすうのべんちゃきぎょおにしゅっししたもののおもおよおなせえかわあがってえない
3	詳細なデータが揃うまで、私はこの案件に対する最終判断を留保したい。	しょおさいなでえたがそろおまでわたしわこのあんけんにたいするさいしゅうわんだんおりゅうほしたい	しょおさいなでたがそろおまでわたしわこのあんけんにたいするさいしゅうわんだんおりゅうほしたい
3	詳細については、後ほどメールでお送りしますのでご確認ください。	しょおさいについてわのちほどめえるでおくりしますのでごかくにんください	しょおさいについてわのちほどめるでおくりしますのでごかくにんください
3	詳細につきましては、改めてメールにてご連絡差し上げます。	しょおさいにつきましてわあらためてめえるにてごれんらくさしあげます	しょおさいにつきましてわあらためてめるにてごれんらくさしあげます
3	情報漏洩が発覚した以上、まずは被害を最小限に抑える善後策を講じるべきだ。	じょおほおろおえがわっかくしたいじょおまずわひがいおさいしょおげんにおさえるぜんごさくおこおじるべきだ	じょおほおろおせつがわっかくしたいじょおまずわひがいおさいしょおげんにおさえるぜんごさくおこおじるべきだ
3	職人は一片の木塊から、生きているかのような仏像を彫り上げた。	しょくにんわいっぺんのもっかいからいきてえるかのよおなぶつぞおほりあげた	しょくにんわいっぺんのきかたまりからいきてえるかのよおなぶつぞおほりあげた
3	食べません ＝ 食べないです	たべませんたべないです	たべません＝たべないです
3	食事の前に、濡れたタオルでテーブルをきれいに拭いてください。	しょくじのまえにぬれたたおるでてえぶるおきれえにふいてください	しょくじのまえにぬれたたおるでてぶるおきれえにふいてください
3	食洗機の使い方がわかりません。	しょくせんきのつかいかたがわかりません	しょくあらいきのつかいかたがわかりません
3	食品売り場はデパートの地下にあります。	しょくひんうりばわでぱあとのちかにあります	しょくひんうりばわでぱとのちかにあります
3	信じがたいほど幸運な出来事だった。	しんじがたいほどこおんなできごとだった	しんじがたいほどこおうんなできごとだった
3	信仰を理由に迫害された人々は、新天地を求めて故郷を後にした。	しんこおりゆうにわくがいされたひとびとわしんてんちおもとめてこきょおあとにした	しんこおりゆうにわくがいされたひとびとわしんてんちおもとめてこきょおごにした
3	信頼関係を築くうえで、率直なコミュニケーションは不可欠だ。	しんらいかんけえおきずくうえでそっちょくなこみゅにけえしょんわふかけつだ	しんらいかんけえおきずくうえでそっちょくなこみゅにけしょんわふかけつだ
3	寝ている子を起こさぬよう、忍び足で部屋を後にした。	ねてえるこおこさぬよおしのびあしでえやおあとにした	ねてえるこおこさぬよおしのびあしでえやおごにした
3	審査には三日ないし五日ほどを要しますので、あらかじめご了承ください。	しんさにわみっかないしいつかほどおよおしますのであらかじめごりょおしょおください	しんさにわさんにちないしごにちほどおよおしますのであらかじめごりょおしょおください
3	審判の判定は際どいところだったが、辛うじてセーフと認められた。	しんぱんのわんてえわきわどいところだったがかろおじてせえふとみとめられた	しんぱんのわんてえわきわどいところだったがかろおじてせふとみとめられた
3	新しいシャンプーを使ったら、髪がさらさらになった。	あたらしいしゃんぷうおつかったらかみがさらさらになった	あたらしいしゃんぷおつかったらかみがさらさらになった
3	新しいスーツを着た先輩は、颯爽とオフィスに入ってきた。	あたらしいすうつおきたせんぱいわさっそおとおふぃすにわいってきた	あたらしいすつおきたせんぱいわさっそおとおふぃすにわいってきた
3	新しいノートを一冊買いました。	あたらしいのおとおいっさつかいました	あたらしいのとおいちさつかいました
3	新しい課題が次々と持ち上がり、担当者は休む暇もない。	あたらしいかだいがつぎつぎともちあがりたんとおしゃわやすむいとまもない	あたらしいかだいがつぎつぎともちあがりたんとおしゃわやすむひまもない
3	新しい漢字を、ノートに何度も書いて覚えます。	あたらしいかんじおのおとになんどもかいておぼえます	あたらしいかんじおのとになんどもかいておぼえます
3	新しく入った後輩に、会社のルールを一つずつ説明しているところです。	あたらしくわいったこおわいにかいしゃのるうるおひとつずつせつめえしてえるところです	あたらしくわいったこおわいにかいしゃのるるおひとつずつせつめえしてえるところです
3	新たに三名のメンバーがプロジェクトに加わり、開発が加速した。	あらたにさんめえのめんばあがぷろじぇくとにくわわりかいわつがかそくした	あらたにさんめえのめんばがぷろじぇくとにくわわりかいわつがかそくした
3	新技術を導入したこのベンチャー企業は、業界内外から大きな注目を集めている。	しんぎじゅつおどおにゅうしたこのべんちゃあきぎょおわぎょおかいないがいからおきなちゅうもくおあつめてえる	しんぎじゅつおどおにゅうしたこのべんちゃきぎょおわぎょおかいないがいからおきなちゅうもくおあつめてえる
3	新型のスマートフォンは、カメラの性能が前の機種より大幅に上がった。	しんがたのすまあとふぉんわかめらのせえのおがまえのきしゅよりおわばにあがった	しんがたのすまとふぉんわかめらのせえのおがまえのきしゅよりおわばにあがった
3	新型のセンサーを導入したことで、測定の精度が飛躍的に向上した。	しんがたのせんさあおどおにゅうしたことでそくてえのせえどがひやくてきにこおじょおした	しんがたのせんさおどおにゅうしたことでそくてえのせえどがひやくてきにこおじょおした
3	新工場の生産ラインは、来月から二十四時間態勢で稼働する見込みだ。	しんこおじょおのせえさんらいんわらいげつからにじゅうよじかんたいせえでかどおするみこみだ	しんこおじょおのせえさんらいんわらいげつからにじゅうよんじかんたいせえでかどおするみこみだ
3	新宿で山手線から中央線に乗り換えれば、二十分ほどで着きます。	しんじゅくでやまのてせんからちゅうおせんにのりかえればにじゅっぷんほどでつきます	しんじゅくでやまてせんからちゅうおせんにのりかえればにじゅうふんほどでつきます
3	新商品の発売を皮切りに、一連のマーケティング施策が展開された。	しんしょおひんのわつばいおかわきりにいちれんのまあけてぃんぐしさくがてんかいされた	しんしょおひんのわつばいおかわきりにいちれんのまけてぃんぐしさくがてんかいされた
3	深夜に大勢で騒ぐと、近所迷惑になるので気をつけてください。	しんやにおぜえでさわぐときんじょめえわくになるのできおつけてください	しんやにたいせえでさわぐときんじょめえわくになるのできおつけてください
3	真相を知れば深く傷つくだろうし、これは知らぬが仏のままにしておこうと思う。	しんそおしればふかくきずつくだろおしこれわしらぬがほとけのままにしておこおとおもお	しんそおしればふかくきずつくだろおしこれわしらぬがふつのままにしておこおとおもお
3	進路のことで一人悩んでいないで、遠慮なく相談してください。	しんろのことでひとりなやんでえないでえんりょなくそおだんしてください	しんろのことでえちにんなやんでえないでえんりょなくそおだんしてください
3	人けの絶えた真夜中の駅のホームには、言いようのない寂寥とした空気が漂っていた。	ひとけのたえたまよなかのえきのほおむにわいよおのないせきりょおとしたくうきがただよってえた	ひとけのたえたまよなかのえきのほむにわいよおのないせきりょおとしたくうきがただよってえた
3	人気のラーメン屋の前には、開店前から長い行列ができていた。	にんきのらあめんやのまえにわかいてんまえからながいぎょおれつができてえた	にんきのらめんやのまえにわかいてんまえからながいぎょおれつができてえた
3	人口減少に歯止めをかけるための有効な方策が、いまだ見出せていない。	じんこおげんしょおにわどめおかけるためのゆうこおなほおさくがいまだみいだせてえない	じんこおげんしょおにわどめおかけるためのゆうこおなほおさくがいまだみだせてえない
3	図書館では周囲の迷惑にならないよう、声を出さず黙読するのがマナーだ。	としょかんでわしゅういのめえわくにならないよおこえおださずもくどくするのがまなあだ	としょかんでわしゅういのめえわくにならないよおこえおださずもくどくするのがまなだ
3	酔ったお客様を、社員がタクシーで家まで送り届けた。	よったおきゃくさまおしゃいんがたくしいでえまでおくりとどけた	よったおきゃくさまおしゃいんがたくしでえまでおくりとどけた
3	酔った男性がホームから線路に転落し、駅は一時騒然となった。	よっただんせえがほおむからせんろにてんらくしえきわいちじそおぜんとなった	よっただんせえがほむからせんろにてんらくしえきわいちじそおぜんとなった
3	成果に応じて、ボーナスが決まる。	せえかにおじてぼおなすがきまる	せえかにおじてぼなすがきまる
3	政府は再生可能エネルギーの導入を国家的な政策として強力に推進している。	せえふわさいせえかのおえねるぎいのどおにゅうおこっかてきなせえさくとしてきょおりょくにすいしんしてえる	せえふわさいせえかのおえねるぎのどおにゅうおこっかてきなせえさくとしてきょおりょくにすいしんしてえる
3	生成AIの急速な普及により、知識を得ることのハードルは、かつてないほど低くなった。	せえせえあいのきゅうそくなふきゅうによりちしきおえることのわあどるわかつてないほどひくくなった	せえせえAIのきゅうそくなふきゅうによりちしきおえることのわどるわかつてないほどひくくなった
3	誠意をもって対応いたします。	せえおもってたいおいたします	せえいおもってたいおいたします
3	切手を5枚ください。	きっておごまいください	きっておまいください
3	拙い原稿ではございますが、忌憚なくご叱正いただければ幸いです。	つたないげんこおでわございますがきたんなくごしっせえただければさいわいです	つたないげんこおでわございますがきたんなくごしっせえいただければさいわいです
3	接戦の末、我がチームは一点差でかろうじて勝つことができた。	せっせんのすえわがちいむわいってんさでかろおじてかつことができた	せっせんのすえわがちむわいちてんさでかろおじてかつことができた
3	先月、はじめて一人で旅行に行きました。	せんげつわじめてひとりでりょこおにいきました	せんげつわじめてえちにんでりょこおにいきました
3	先生がおっしゃったことを、ノートに書いておきました。	せんせえがおっしゃったことおのおとにかいておきました	せんせえがおっしゃったことおのとにかいておきました
3	先生にレポートを渡しました。	せんせえにれぽおとおわたしました	せんせえにれぽとおわたしました
3	戦時下では、言論に対する統制が一段と厳しさを増した。	せんじしたでわげんろんにたいするとおせえがいちだんときびしさおました	せんじかでわげんろんにたいするとおせえがいちだんときびしさおました
3	洗った髪をドライヤーで乾かしました。	あらったかみおどらいやあでかわかしました	あらったかみおどらいやでかわかしました
3	選手が全力で投げたボールは、鋭い音を立ててミットに収まった。	せんしゅがぜんりょくでなげたぼおるわするどいおとおたててみっとにおさまった	せんしゅがぜんりょくでなげたぼるわするどいおとおたててみっとにおさまった
3	選手たちは一秒でも速くゴールしようと、全力で競っていた。	せんしゅたちわいちびょおでもわやくごおるしよおとぜんりょくできそってえた	せんしゅたちわいちびょおでもわやくごるしよおとぜんりょくできそってえた
3	全盛を誇ったチームも、主力の引退とともに勢いを失った。	ぜんせえおほこったちいむもしゅりょくのいんたいとともにいきおいおしなった	ぜんせえおほこったちむもしゅりょくのいんたいとともにいきおいおしなった
3	祖父は「疾く行け」と、古めかしい言い回しで私をせかした。	そふわわやくいけとふるめかしいまわしでわたしおせかした	そふわとくいけとふるめかしいまわしでわたしおせかした
3	祖母は若い頃、コンサートでピアノを弾いていたそうです。	そぼわわかいころこんさあとでぴあのおひいてえたそおです	そぼわわかいころこんさとでぴあのおひいてえたそおです
3	素潜りで海の底まで潜り、貝を採るのが彼の得意技だ。	すもぐりでうみのそこまでもぐりかいおとるのがかれのとくいわざだ	もともぐりでうみのそこまでくぐりかいおとるのがかれのとくいわざだ
3	相手チームの弱点をよく研究したうえで、作戦を立てることにした。	あいてちいむのじゃくてんおよくけんきゅうしたうえでさくせんおたてることにした	あいてちむのじゃくてんおよくけんきゅうしたうえでさくせんおたてることにした
3	相手チームの弱点を徹底的に分析し、綿密な作戦を立てて試合に臨んだ。	あいてちいむのじゃくてんおてってえてきにぶんせきしめんみつなさくせんおたててしあいにのぞんだ	あいてちむのじゃくてんおてってえてきにぶんせきしめんみつなさくせんおたててしあいにのぞんだ
3	息子はまだ小さいので、一人で学校に行けません。	むすこわまだちいさいのでひとりでがっこおにいけません	むすこわまだちいさいのでえちにんでがっこおにいけません
3	息子は夏休みに、飛行機の模型を一人で作り上げた。	むすこわなつやすみにひこおきのもけえおひとりでつくりあげた	むすこわなつやすみにひこおきのもけえおいちにんでつくりあげた
3	息子は最近ゲームに夢中で、勉強がおろそかになっている。	むすこわさいきんげえむにむちゅうでべんきょおがおろそかになってえる	むすこわさいきんげむにむちゅうでべんきょおがおろそかになってえる
3	俗世の名利に嫌気がさし、彼は山奥に遁世してしまった。	ぞくせのみょおりにいやけがさしかれわやまおくにとんせえしてしまった	ぞくせえのみょおりにいやけがさしかれわやまおくにとんせえしてしまった
3	村上春樹の作品は、現実と幻想が交錯する独特の世界観で知られている。彼の文学が国境を越えて愛される理由は、現代人が抱える孤独や疎外感といった普遍的なテーマを、繊細な筆致で描き出している点にある。	むらかみわるきのさくひんわげんじつとげんそおがこおさくするどくとくのせかいかんでしられてえるかれのぶんがくがこっきょおこえてあいされるりゆうわげんだいじんがかかえるこどくやそがいかんといったふえんてきなてえまおせんさいなひっちでえがきだしてえるてんにある	むらかみわるきのさくひんわげんじつとげんそおがこおさくするどくとくのせかいかんでしられてえるかれのぶんがくがこっきょおこえてあいされるりゆうわげんだいじんがかかえるこどくやそがいかんといったふえんてきなてまおせんさいなひっちでえがきだしてえるてんにある
3	太古の昔に落下した巨大な隕石が、生態系に壊滅的な影響を及ぼしたとされている。	たいこのむかしにらっかしたきょだいないんせきがせえたいけえにかいめつてきなえきょおよぼしたとされてえる	たいこのむかしにらっかしたきょだいな隕せきがせえたいけえにかいめつてきなえきょおよぼしたとされてえる
3	太陽が莫大なエネルギーを放ち続けられるのは、中心部で絶えず核融合が起きているからだ。	たいよおがばくだいなえねるぎいおわなちつずけられるのわちゅうしんぶでたえずかくゆうごおがおきてえるからだ	たいよおがばくだいなえねるぎおわなちつずけられるのわちゅうしんぶでたえずかくゆうごおがおきてえるからだ
3	体に悪いと知りつつも、夜更かしがやめられない。	からだにわるいとしりつつもよふかしがやめられない	からだにわるいとしりつつもよるふかしがやめられない
3	大手企業によるベンチャー企業の買収が、業界で相次いでいる。	おてきぎょおによるべんちゃあきぎょおのばいしゅうがぎょおかいであいついでえる	おてきぎょおによるべんちゃきぎょおのばいしゅうがぎょおかいであいついでえる
3	大勢の前で功績を讃えられ、彼は面映ゆそうに視線を落とした。	おぜえのまえでこおせきおたたえられかれわおもわゆそおにしせんおとした	たいせえのまえでこおせきおたたえられかれわおもわゆそおにしせんおとした
3	大勢の前で発表するときは、いつも緊張してしまう。	おぜえのまえでわっぴょおするときわいつもきんちょおしてしまう	たいせえのまえでわっぴょおするときわいつもきんちょおしてしまう
3	大勢の前で名前を間違えられ、恥ずかしい思いをした。	おぜえのまえでなまえおまちがえられわずかしいおもいおした	たいせえのまえでなまえおまちがえられわずかしいおもいおした
3	大切なのは、訪れる側が地元への敬意を忘れないことだろう。	たいせつなのわおとずれるがわがじもとえのけえおわすれないことだろお	たいせつなのわおとずれるがわがじもとえのけえいおわすれないことだろお
3	担当者に必要な書類をすべて渡してから、会場を後にした。	たんとおしゃにひつよおなしょるいおすべてわたしてからかいじょおあとにした	たんとおしゃにひつよおなしょるいおすべてわたしてからかいじょおごにした
3	知らない町を一人で歩くのは、ちょっとさびしいけれど、自由でとても気持ちがよかったです。	しらないまちおひとりであるくのわちょっとさびしいけれどじゆうでとてもきもちがよかったです	しらないまちおいちにんであるくのわちょっとさびしいけれどじゆうでとてもきもちがよかったです
3	地域の花火大会ともなれば、街全体が一気にお祭りムードになる。	ちいきのわなびたいかいともなればまちぜんたいがいっきにおまつりむうどになる	ちいきのわなびたいかいともなればまちぜんたいがいっきにおまつりむどになる
3	地域再生についてのセミナーに参加した。	ちいきさいせえについてのせみなあにさんかした	ちいきさいせえについてのせみなにさんかした
3	地球の重力に引かれて、放り上げたボールはやがて地面に落ちてくる。	ちきゅうのじゅうりょくにひかれてほおりあげたぼおるわやがてじめんにおちてくる	ちきゅうのじゅうりょくにひかれてほおりあげたぼるわやがてじめんにおちてくる
3	地方自治体の財政は逼迫しており、公共サービスの縮小を余儀なくされている。	ちほおじちたいのざいせえわひっぱくしておりこおきょおさあびすのしゅくしょおよぎなくされてえる	ちほおじちたいのざいせえわひっぱくしておりこおきょおさびすのしゅくしょおよぎなくされてえる
3	着る→着ます	きるきます	きる→きます
3	中央銀行が金利の引き上げに踏み切れば、住宅ローンの負担は一気に重くなる。	ちゅうおぎんこおがきんりのひきあげにふみきればじゅうたくろおんのふたんわいっきにおもくなる	ちゅうおぎんこおがきんりのひきあげにふみきればじゅうたくろんのふたんわいっきにおもくなる
3	昼はいつもラーメンを食べます。	ひるわいつもらあめんおたべます	ひるわいつもらめんおたべます
3	注文したビールが生温くて、店員さんに冷たいものと替えてもらった。	ちゅうもんしたびいるがなまぬるくててんいんさんにつめたいものとかえてもらった	ちゅうもんしたびるがなまぬるくててんいんさんにつめたいものとかえてもらった
3	著者は序文の中で、この本を書くに至った経緯を率直に綴っている。	ちょしゃわじょぶんのなかでこのほんおかくにいたったけえおそっちょくにつずってえる	ちょしゃわじょぶんのなかでこのほんおかくにいたったけえいおそっちょくにつずってえる
3	朝から晩まで働きづめの彼は、典型的な日本のサラリーマンだ。	あさからばんまでわたらきずめのかれわてんけえてきなにっぽんのさらりいまんだ	あさからばんまでわたらきずめのかれわてんけえてきなにっぽんのさらりまんだ
3	眺めもいいし、サービスも丁寧だし、この旅館が好きです。	ながめもいしさあびすもてえねえだしこのりょかんがすきです	ながめもいしさびすもてえねえだしこのりょかんがすきです
3	長引く不況で、街全体に沈滞したムードが漂っていた。	ながびくふきょおでまちぜんたいにちんたいしたむうどがただよってえた	ながびくふきょおでまちぜんたいにちんたいしたむどがただよってえた
3	長年のプレッシャーからようやく解放され、心から安堵した。	ながねんのぷれっしゃあからよおやくかいほおされこころからあんどした	ながねんのぷれっしゃからよおやくかいほおされこころからあんどした
3	通帳の残高を見て、使いすぎていたことに愕然とした。	つうちょおのざんだかおみてつかいすぎてえたことにがくぜんとした	かよいちょおのざんだかおみてつかいすぎてえたことにがくぜんとした
3	通帳を見たら、給料がもう振り込まれていました。	つうちょおみたらきゅうりょおがもおふりこまれてえました	かよいちょおみたらきゅうりょおがもおふりこまれてえました
3	弟が新しいゲーム機を欲しがっています。	おとおとがあたらしいげえむきおほしがってえます	おとおとがあたらしいげむきおほしがってえます
3	弟はゲームに夢中で、ご飯も食べません。	おとおとわげえむにむちゅうでごわんもたべません	おとおとわげむにむちゅうでごわんもたべません
3	弟はゲームばかりしています。	おとおとわげえむばかりしてえます	おとおとわげむばかりしてえます
3	弟はボールを力いっぱい蹴った。	おとおとわぼおるおちからいっぱいけった	おとおとわぼるおちからいっぱいけった
3	弟は部屋でゲームをしています。	おとおとわえやでげえむおしてえます	おとおとわえやでげむおしてえます
3	弟は夜中に「もう食べられない」と寝言を言って、家族を笑わせた。	おとおとわよなかにもおたべられないとねごとおいってかぞくおわらわせた	おとおとわやちゅうにもおたべられないとねごとおいってかぞくおわらわせた
3	提出された報告書には肝心なデータがいくつか欠落しており、審査は保留となった。	てえしゅつされたほおこくしょにわかんじんなでえたがいくつかけつらくしておりしんさわほりゅうとなった	てえしゅつされたほおこくしょにわかんじんなでたがいくつかけつらくしておりしんさわほりゅうとなった
3	締め切りが迫っているので、早めにセミナーへの参加を申し込んでおいた。	しめきりがせまってえるのでわやめにせみなあえのさんかおもおしこんでおいた	しめきりがせまってえるのでわやめにせみなえのさんかおもおしこんでおいた
3	締め切りに間に合うように、レポートを昨日のうちに提出しておきました。	しめきりにまにあうよおにれぽおとおきのおのおちにてえしゅつしておきました	しめきりにまにあうよおにれぽとおきのおのおちにてえしゅつしておきました
3	締め切りに追われ、彼は書き上げたばかりの草稿を推敲する暇もなく提出した。	しめきりにおわれかれわかきあげたばかりのそおこおすいこおするいとまもなくてえしゅつした	しめきりにおわれかれわかきあげたばかりのそおこおすいこおするひまもなくてえしゅつした
3	締め切り前になって慌てて準備するのは、彼の典型的な行動パターンだ。	しめきりまえになってあわててじゅんびするのわかれのてんけえてきなこおどおぱたあんだ	しめきりまえになってあわててじゅんびするのわかれのてんけえてきなこおどおぱたんだ
3	敵国の巧妙な謀略に嵌まり、同盟は内部から瓦解していった。	てきこくのこおみょおなぼおりゃくにわまりどおめえわないぶからがかいしてえった	てっこくのこおみょおなぼおりゃくにわままりどおめえわないぶからがかいしてえった
3	適合するドナーが現れ、弟はようやく骨髄移植を受けられる運びとなった。	てきごおするどなあがあらわれおとおとわよおやくこつずいしょくおけられるわこびとなった	てきごおするどながあらわれおとおとわよおやくこつずいしょくおけられるわこびとなった
3	天気予報によると、明日の午後に雨が降る確率は七十パーセントだそうだ。	てんきよほおによるとあしたのごごにあめがふるかくりつわななじゅっぱあせんとだそおだ	てんきよほおによるとあしたのごごにあめがふるかくりつわななじゅうぱせんとだそおだ
3	電車が遅れたので、タクシーの代わりにレンタサイクルで向かった。	でんしゃがおくれたのでたくしいのかわりにれんたさいくるでむかった	でんしゃがおくれたのでたくしのかわりにれんたさいくるでむかった
3	電車にせよタクシーにせよ、ラッシュ時は時間がかかる。	でんしゃにせよたくしいにせよらっしゅじわじかんがかかる	でんしゃにせよたくしにせよらっしゅじわじかんがかかる
3	電車の中で電話をかけるのは、マナー違反だと考えられています。	でんしゃのなかででんわおかけるのわまなあいわんだとかんがえられてえます	でんしゃのなかででんわおかけるのわまないわんだとかんがえられてえます
3	電話、あるいはメールでご連絡ください。	でんわあるいわめえるでごれんらくください	でんわあるいわめるでごれんらくください
3	登山者は足を踏み外し、数十メートルも斜面を滑落してしまった。	とざんしゃわあしおふみわずしすうじゅうめえとるもしゃめんおかつらくしてしまった	とざんしゃわあしおふみわずしすうじゅうめとるもしゃめんおかっらくしてしまった
3	都会のアパートは家賃が高い割に、部屋が狭いことが多い。	とかいのあぱあとわやちんがたかいわりにえやがせまいことがおい	とかいのあぱとわやちんがたかいわりにえやがせまいことがおい
3	冬は暖かいコートが要ります。	ふゆわあたたかいこおとがいります	ふゆわあたたかいことがいります
3	塔の内部には、頂上へと続く螺旋状の階段が延々と巡らされていた。	とおのないぶにわちょおじょおえとつずくらせんじょおのかいだんがえんえんとじゅんらされてえた	とおのないぶにわちょおじょおえとつずくらせんじょおのかいだんがえんえんとめぐらされてえた
3	当ホテルでは、お客様に最高のサービスを提供することを心がけております。	とおほてるでわおきゃくさまにさいこおのさあびすおてえきょおすることおこころがけております	とおほてるでわおきゃくさまにさいこおのさびすおてえきょおすることおこころがけております
3	当時の学校では、儀式のたびに勅語が厳かに読み上げられていた。	とおときのがっこおでわぎしきのたびにちょくごがおごそかによみあげられてえた	とおじのがっこおでわぎしきのたびにちょくごがおごそかによみあげられてえた
3	当時の関係者が次々と口を開いたことで、事件の真実がようやく明らかになった。	とおときのかんけえしゃがつぎつぎとくちおひらいたことでじけんのしんじつがよおやくあきらかになった	とおじのかんけえしゃがつぎつぎとくちおひらいたことでじけんのしんじつがよおやくあきらかになった
3	当時の状況を思い返すと、一歩間違えば大惨事だったと今でもぞっとする。	とおときのじょおきょおもいかえすといっぽまちがえばだいさんじだったといまでもぞっとする	とおじのじょおきょおもいかえすといちほまちがえばだいさんじだったといまでもぞっとする
3	当時の政府は、言論の自由を求める運動を徹底的に弾圧した。	とおときのせえふわげんろんのじゆうおもとめるうんどおてってえてきにだんあつした	とおじのせえふわげんろんのじゆうおもとめるうんどおてってえてきにだんあつした
3	当時の暮らしぶりを物語る一次史料が、蔵の奥から相次いで見つかった。	とおときのくらしぶりおものがたるいちじしりょおがくらのおくからあいついでみつかった	とおじのくらしぶりおものがたるいちじしりょおがくらのおくからあいついでみつかった
3	答えをすぐに出してくれるAIがある時代だからこそ、「なぜそうなるのか」を問いつづける姿勢がいっそう重要になる。	こたえおすぐにだしてくれるえあいがあるじだいだからこそなぜそおなるのかおといつずけるしせえがいっそおじゅうよおになる	こたえおすぐにだしてくれるAIがあるじだいだからこそなぜそおなるのかおといつずけるしせえがいっそおじゅうよおになる
3	働き方や価値観が多様になった今、飲みニケーションのあり方も、少しずつ変わりつつあるのかもしれない。	わたらきかたやかちかんがたよおになったいまのみにけえしょんのありかたもすこしずつかわりつつあるのかもしれない	わたらきかたやかちかんがたよおになったいまのみにけしょんのありかたもすこしずつかわりつつあるのかもしれない
3	同じ群れの中でも、個体によって性格や行動のパターンには驚くほどの違いが見られる。	おなじむれのなかでもこたいによってせえかくやこおどおのぱたあんにわおどろくほどのちがいがみられる	おなじむれのなかでもこたいによってせえかくやこおどおのぱたんにわおどろくほどのちがいがみられる
3	道に迷ったあげく、結局タクシーで目的地に向かった。	みちにまよったあげくけっきょくたくしいでもくてきちにむかった	みちにまよったあげくけっきょくたくしでもくてきちにむかった
3	二つの銀行が合併し、国内最大手の金融グループが誕生した。	ふたつのぎんこおががっぺえしこくないさいおてのきんゆうぐるうぷがたんじょおした	ふたつのぎんこおががっぺえしこくないさいおてのきんゆうぐるぷがたんじょおした
3	二人が同じ日に同じ病を患ったのは、抗いがたい宿命だったとしか言いようがない。	ふたりがおなじひにおなじびょおわずらったのわあらがいがたいしゅくめえだったとしかいよおがない	ににんがおなじひにおなじやまいおわずらったのわあらがいがたいしゅくめえだったとしかいよおがない
3	日頃のご厚情に感謝し、心ばかりの品を謹呈いたします。	ひごろのごこおじょおにかんしゃしこころばかりのしなおきんてえたします	ひごろのごこおじょおにかんしゃしこころばかりのしなおきんてえいたします
3	日本のコンビニは、二十四時間あいていて、とてもべんりです。	にっぽんのこんびにわにじゅうよじかんあいてえてとてもべんりです	にっぽんのこんびにわにじゅうよんじかんあいてえてとてもべんりです
3	日本はエネルギー資源の多くを海外から輸入しています。	にっぽんわえねるぎいしげんのおくおかいがいからゆにゅうしてえます	にっぽんわえねるぎしげんのおくおかいがいからゆにゅうしてえます
3	日曜日に公園でサッカーをします。	にちよおびにこおえんでさっかあおします	にちよおびにこおえんでさっかおします
3	猫がびっくりして、ソファーの後ろに隠れてしまった。	ねこがびっくりしてそふぁあのおしろにかくれてしまった	ねこがびっくりしてそふぁのおしろにかくれてしまった
3	敗北を喫したチームは、悄然として静まりかえった控室に引き揚げていった。	わいぼくおきっしたちいむわしょおぜんとしてしずまりかえったひかえしつにひきあげてえった	わいぼくおきっしたちむわしょおぜんとしてしずまりかえったひかえしつにひきあげてえった
3	肺胞では酸素と二酸化炭素の交換が絶え間なく行われている。	わいほおでわさんそとにさんかたんそのこおかんがたえまなくおこなわれてえる	わい胞でわさんそとにさんかたんそのこおかんがたえまなくおこなわれてえる
3	梅雨に入ると、来る日も来る日も雨続きで、なんとも言えない憂鬱に襲われる。	つゆにわいるとくるひもくるひもあめつずきでなんともいえないゆうつにおそわれる	つゆにわいるときたるひもくるひもあめつずきでなんともいえないゆうつにおそわれる
3	梅雨時特有の湿気のせいか、朝から体が気だるくて仕方がない。	つゆどきとくゆうのしっけのせえかあさからからだがけだるくてしかたがない	つゆじとくゆうのしっけのせえかあさからからだがけだるくてしかたがない
3	買いたい。でも、予算オーバーだ。	かいたいでもよさんおばあだ	かいたいでもよさんおばだ
3	買い物のついでに、クリーニングを取りに行った。	かいもののついでにくりいにんぐおとりにいった	かいもののついでにくりにんぐおとりにいった
3	発掘された遺物は、当時の人々の暮らしを今に伝えている。	わっくつされたいぶつわとおときのひとびとのくらしおいまにつたえてえる	わっくつされたいぶつわとおじのひとびとのくらしおいまにつたえてえる
3	半導体の供給不足が長引けば、自動車産業全体が深刻な打撃を被りかねない。	わんどおたいのきょおきゅうふそくがながびけばじどおしゃさんぎょおぜんたいがしんこくなだげきおかむりかねない	わんどおたいのきょおきゅうふそくがながびけばじどおしゃさんぎょおぜんたいがしんこくなだげきおこおむりかねない
3	犯人がAだとすると、Bにはアリバイがある。	わんにんがえだとするとびいにわありばいがある	わんにんがAだとするとBにわありばいがある
3	繁忙期を乗り切るため、その店は臨時のアルバイトを数名雇うことにした。	わんぼおきおのりきるためそのみせわりんときのあるばいとおすうめえやとおことにした	わんぼおきおのりきるためそのみせわりんじのあるばいとおすうめえやとおことにした
3	晩年、彼は俗世を離れて仏教に帰依し、静かな余生を送った。	ばんねんかれわぞくせおわなれてぶっきょおにきえししずかなよせえおくった	ばんねんかれわぞくせえおわなれてぶっきょおにきえししずかなよせえおくった
3	彼が提唱した理論は、当初こそ黙殺されたが、後に学界の主流となった。	かれがてえしょおしたりろんわとおしょこそもくさつされたがあとにがっかいのしゅりゅうとなった	かれがてえしょおしたりろんわとおしょこそもくさつされたがごにがっかいのしゅりゅうとなった
3	彼にメッセージを伝えてください。	かれにめっせえじおつたえてください	かれにめっせじおつたえてください
3	彼のスピーチに、会場のみんなが感動した。	かれのすぴいちにかいじょおのみんながかんどおした	かれのすぴちにかいじょおのみんながかんどおした
3	彼のスピーチは美辞麗句を並べただけの陳腐な内容で、聴衆の心には少しも響かなかった。	かれのすぴいちわびじれえくおならべただけのちんぷなないよおでちょおしゅうのこころにわすこしもひびかなかった	かれのすぴちわびじれえくおならべただけのちんぷなないよおでちょおしゅうのこころにわすこしもひびかなかった
3	彼のユニークな発想が、行き詰まっていた企画に新たな道を開いた。	かれのゆにいくなわっそおがいきずまってえたきかくにあらたなみちおひらいた	かれのゆにくなわっそおがいきずまってえたきかくにあらたなみちおひらいた
3	彼の奏でるメロディーには、言葉にできない哀愁が漂っていた。	かれのかなでるめろでぃいにわことばにできないあいしゅうがただよってえた	かれのかなでるめろでぃにわことばにできないあいしゅうがただよってえた
3	彼の予測も、これまでの経緯を踏まえれば、あながち間違いとは言えない。	かれのよそくもこれまでのけえおふまえればあながちまちがいとわいえない	かれのよそくもこれまでのけえいおふまえればあながちまちがいとわいえない
3	彼はいわゆるエリート街道を歩んできた人物で、挫折を知らない。	かれわいわゆるえりいとかいどおあゆんできたじんぶつでざせつおしらない	かれわいわゆるえりとかいどおあゆんできたじんぶつでざせつおしらない
3	彼はお金や出世に淡泊で、いつも自分のペースで生きている。	かれわおかねやしゅっせにたんぱくでえつもじぶんのぺえすでえきてえる	かれわおかねやしゅっせにたんぱくでえつもじぶんのぺすでえきてえる
3	彼はクラスの代表として、スピーチをすることになった。	かれわくらすのだいひょおとしてすぴいちおすることになった	かれわくらすのだいひょおとしてすぴちおすることになった
3	彼はしどろもどろに弁明したが、誰一人としてその言葉を信じなかった。	かれわしどろもどろにべんめえしたがだれひとりとしてそのことばおしんじなかった	かれわしどろもどろにべんめえしたがだれえちにんとしてそのことばおしんじなかった
3	彼はスポーツで鍛えた体力を活かして、消防士として活躍している。	かれわすぽおつできたえたたいりょくおいかしてしょおぼおしとしてかつやくしてえる	かれわすぽつできたえたたいりょくおいかしてしょおぼおしとしてかつやくしてえる
3	彼はチームの主力として、次の大会での優勝を狙っている。	かれわちいむのしゅりょくとしてつぎのたいかいでのゆうしょおねらってえる	かれわちむのしゅりょくとしてつぎのたいかいでのゆうしょおねらってえる
3	彼はホームランを打って、みんなを驚かせた。	かれわほおむらんおってみんなおどろかせた	かれわほむらんおってみんなおどろかせた
3	彼は一人きりの正月を迎え、心の底から侘びた。	かれわひとりきりのしょおがつおむかえこころのそこからわびた	かれわいちにんきりのしょおがつおむかえこころのそこからわびた
3	彼は寡黙だが、チームにとってなくてはならない存在だ。	かれわかもくだがちいむにとってなくてわならないそんざいだ	かれわかもくだがちむにとってなくてわならないそんざいだ
3	彼は会議の場で、上層部の方針に公然と異を唱えた。	かれわかいぎのばでじょおそおぶのほおしんにこおぜんといおとなえた	かれわかいぎのばでじょおそおぶのほおしんにこおぜんとことおとなえた
3	彼は喜怒哀楽を表に出さない人なので、何を考えているのか読み取りにくい。	かれわきどあいらくおもてにださないひとなのでなにおかんがえてえるのかよみとりにくい	かれわきどあいらくおひょおにださないひとなのでなにおかんがえてえるのかよみとりにくい
3	彼は言葉もなく、ただ雨の中に一人佇んでいた。	かれわことばもなくただあめのなかにひとりたたずんでえた	かれわことばもなくただあめのなかにいちにんたたずんでえた
3	彼は志を同じくする仲間と共に、新たなNPOを設立した。	かれわこころざしおなじくするなかまとともにあらたなえぬぴいおせつりつした	かれわこころざしおなじくするなかまとともにあらたなNPOおせつりつした
3	彼は職務上の秘密を恪守し、退職後も一切口外しなかった。	かれわしょくむじょおのひみつおかくしゅしたいしょくごもいっさいこおがいしなかった	かれわしょくむじょおのひみつおつとむもりしたいしょくごもいっさいこおがいしなかった
3	彼は世界記録を破って、一躍時の人となった。	かれわせかいきろくおやぶってえちやくときのひととなった	かれわせかいきろくおやぶってえちやくじのひととなった
3	彼は相手の主張を、豊富な実証データを挙げて一つひとつ論駁していった。	かれわあいてのしゅちょおほおふなじっしょおでえたおあげてひとつひとつろんばくしてえった	かれわあいてのしゅちょおほおふなじっしょおでたおあげてひとつひとつろんばくしてえった
3	彼は代々医者を輩出してきた名門の出だが、その肩書きに甘んじることなく地道に努力を重ねている。	かれわだいだいしゃおわいしゅつしてきためえもんのだしだがそのかたがきにあまんじることなくじみちにどりょくおかさねてえる	かれわだいだいしゃおわいしゅつしてきためえもんのしゅつだがそのかたがきにあまんじることなくじみちにどりょくおかさねてえる
3	彼は誰にも相談できず、一人で大きな不安を抱えていたようだ。	かれわだれにもそおだんできずひとりでおきなふあんおかかえてえたよおだ	かれわだれにもそおだんできずいちにんでおきなふあんおかかえてえたよおだ
3	彼は普段冷静だが、その一言にはさすがに怒りを露わにした。	かれわふだんれえせえだがそのひとことにわさすがにおこりおあらわにした	かれわふだんれえせえだがそのひとことにわさすがにいかりおろわにした
3	彼らは三年連続でリーグ制覇を成し遂げ、黄金時代を築いた。	かれらわさんねんれんぞくでりいぐせえわおなしとげおごんじだいおきずいた	かれらわさんねんれんぞくでりぐせえわおなしとげおごんじだいおきずいた
3	彼女のスピーチは、多くの聴衆の共感を呼んだ。	かのじょのすぴいちわおくのちょおしゅうのきょおかんおよんだ	かのじょのすぴちわおくのちょおしゅうのきょおかんおよんだ
3	彼女はこのチームにとって、言わば太陽のような存在だ。	かのじょわこのちいむにとってえわばたいよおのよおなそんざいだ	かのじょわこのちむにとってえわばたいよおのよおなそんざいだ
3	彼女は銀のアクセサリーが好きです。	かのじょわぎんのあくせさりいがすきです	かのじょわぎんのあくせさりがすきです
3	彼女は若手ながら、チームの躍進の一翼を担う存在だ。	かのじょわわかてながらちいむのやくしんのいちよくおになうそんざいだ	かのじょわわかてながらちむのやくしんのいちよくおになうそんざいだ
3	彼女は将来有望な選手として、多くのコーチから注目されている。	かのじょわしょおらいゆうぼおなせんしゅとしておくのこおちからちゅうもくされてえる	かのじょわしょおらいゆうぼおなせんしゅとしておくのこちからちゅうもくされてえる
3	彼女は少数精鋭のチームを率いて、難局を乗り切った。	かのじょわしょおすうせえのちいむおひきいてなんきょくおのりきった	かのじょわしょおすうせえのちむおひきいてなんきょくおのりきった
3	彼女は世界の舞台で活躍する数少ない日本人選手の一人だ。	かのじょわせかいのぶたいでかつやくするかずすくないにっぽんじんせんしゅのひとりだ	かのじょわせかいのぶたいでかつやくするかずすくないにっぽんじんせんしゅのいちにんだ
3	彼女は清楚な白いワンピースを身にまとい、式場に現れた。	かのじょわせえそなしろいわんぴいすおみにまといしきじょおにあらわれた	かのじょわせえそなしろいわんぴすおみにまといしきじょおにあらわれた
3	彼女は選考委員の一人として、応募作品を公正に審査する重責を担っている。	かのじょわせんこおいんのひとりとしておぼさくひんおこおせえにしんさするじゅうせきおになってえる	かのじょわせんこおいんのいちにんとしておぼさくひんおこおせえにしんさするじゅうせきおになってえる
3	彼女は目ざとくて、売り場の小さな値引きシールもすぐに見つける。	かのじょわめざとくてうりばのちいさなねびきしいるもすぐにみつける	かのじょわめざとくてうりばのちいさなねびきしるもすぐにみつける
3	被災者の口から語られる当時の状況は、あまりに生々しくて言葉を失った。	ひさいしゃのくちからかたられるとおときのじょおきょおわあまりになまなましくてことばおしなった	ひさいしゃのくちからかたられるとおじのじょおきょおわあまりになまなましくてことばおしなった
3	必要な書類がすべて揃ってから、改めて申請を行ってください。	ひつよおなしょるいがすべてそろってからあらためてしんせえおいってください	ひつよおなしょるいがすべてそろってからあらためてしんせえおこなってください
3	父はまじめなサラリーマンです。	ちちわまじめなさらりいまんです	ちちわまじめなさらりまんです
3	父はわたしが一人で海外へ行くことに強く反対した。	ちちわわたしがひとりでかいがいえくことにつよくわんたいした	ちちわわたしがいちにんでかいがいえくことにつよくわんたいした
3	父は政治のニュースをよく見ています。	ちちわせえじのにゅうすおよくみてえます	ちちわせえじのにゅすおよくみてえます
3	父は毎日車で会社へ行きます。	ちちわまいにちくるまでかいしゃえきます	ちちわまいにちしゃでかいしゃえきます
3	腐敗した政権を倒そうとした彼らの行動は、後に義挙として讃えられた。	ふわいしたせえけんおたおそおとしたかれらのこおどおわあとにぎきょとしてたたえられた	ふわいしたせえけんおたおそおとしたかれらのこおどおわごにぎきょとしてたたえられた
3	舞台に現れた女優の妖艶な微笑みに、観客は思わず息をのんだ。	ぶたいにあらわれたじょゆうのよおえんなほほえみにかんきゃくわおもわずいきおのんだ	ぶたいにあらわれたじょゆうのよおえんなびえみにかんきゃくわおもわずいきおのんだ
3	部署ごとに認識がずれていたので、事前に各自の見解を擦り合わせておいた。	ぶしょごとににんしきがずれてえたのでじぜんにかくじのけんかいおすりあわせておいた	ぶしょごとににんしきがずれてえたのでじぜんにかくじのけんかいおこすりあわせておいた
3	風邪の症状が三日以上続くようなら、早めに医師に相談したほうがいい。	かぜのしょおじょおがみっかいじょおつずくよおならわやめにいしにそおだんしたほおがい	かぜのしょおじょおがさんにちいじょおつずくよおならわやめにいしにそおだんしたほおがい
3	福岡から札幌まで飛行機で2時間半。	ふくおかからさっぽろまでひこおきでにじかんわん	ふくおかからさっぽろまでひこおきでじかんわん
3	壁にポスターを張っておいてもらえますか。	かべにぽすたあおわっておいてもらえますか	かべにぽすたおわっておいてもらえますか
3	返品するときは、レシートを持ってきてください。	えんぴんするときわれしいとおもってきてください	えんぴんするときわれしとおもってきてください
3	母に叱られないように、こっそり冷蔵庫のケーキを食べた。	わわにしかられないよおにこっそりれえぞおこのけえきおたべた	わわにしかられないよおにこっそりれえぞおこのけきおたべた
3	母は一人で私たち三人の子どもを育ててくれました。	わわわひとりでわたしたちさんにんのこどもおそだててくれました	わわわいちにんでわたしたちさんにんのこどもおそだててくれました
3	報連相がうまくいかないしょくばでは、小さなミスが大きな問題に発展しやすい。	むくいれんしょおがうまくいかないしょくばでわちいさなみすがおきなもんだいにわってんしやすい	ほおれんしょおがうまくいかないしょくばでわちいさなみすがおきなもんだいにわってんしやすい
3	忙しいので、しばらくゲームはやめようと思う。	いそがしいのでしばらくげえむわやめよおとおもお	いそがしいのでしばらくげむわやめよおとおもお
3	暴走しかけた社長を、古参の役員が身を挺して諫めた。	ぼおそおしかけたしゃちょおこさんのやくいんがみおてえしてえさめた	ぼおそおしかけたしゃちょおこさんのやくいんがみおてえして諫めた
3	膨れ上がる負債を前に、経営陣は為す術もなくただ倒産を待つばかりだった。	ふくれあがるふさいおまえにけえじんわなすすべもなくただとおさんおまつばかりだった	ふくれあがるふさいおまえにけえじんわなすじゅつもなくただとおさんおまつばかりだった
3	膨大なデータの背後にある消費者心理を読み解くのが、我々の仕事だ。	ぼおだいなでえたのわいごにあるしょおひしゃしんりおよみとくのがわれわれのしごとだ	ぼおだいなでたのわいごにあるしょおひしゃしんりおよみとくのがわれわれのしごとだ
3	膨大な資料に目を通す必要があり、速読の技術が役に立った。	ぼおだいなしりょおにめおとおすひつよおがありそくどくのぎじゅつがやくにたった	ぼおだいなしりょおにめおとおすひつよおがありわや読のぎじゅつがやくにたった
3	僕はサッカーが好きです。	ぼくわさっかあがすきです	ぼくわさっかがすきです
3	本を読んでいます。→ 本を読んでいる。	ほんおよんでえますほんおよんでえる	ほんおよんでえます→ほんおよんでえる
3	本社は災害現場に専門のチームを派遣することを決定した。	ほんしゃわさいがいげんばにせんもんのちいむおわけんすることおけってえした	ほんしゃわさいがいげんばにせんもんのちむおわけんすることおけってえした
3	本日の会議の議題は三点です。一点目は来期の予算について、二点目は新商品の販売戦略について、三点目は人事異動についてです。それぞれ二十分ずつ時間を取りますので、合計一時間の予定です。	ほんじつのかいぎのぎだいわさんてんですいってんめわらいきのよさんについてにてんめわしんしょおひんのわんばいせんりゃくについてさんてんめわじんじいどおについてですそれぞれにじゅっぷんずつじかんおとりますのでごおけえちじかんのよてえです	ほんじつのかいぎのぎだいわさんてんですいちてんめわらいきのよさんについてにてんめわしんしょおひんのわんばいせんりゃくについてさんてんめわじんじいどおについてですそれぞれにじゅうふんずつじかんおとりますのでごおけえいちじかんのよてえです
3	本番で失敗しないよう、彼は前日の夜まで入念にリハーサルを重ねた。	ほんばんでしっぱいしないよおかれわぜんじつのよるまでにゅうねんにりわあさるおかさねた	ほんばんでしっぱいしないよおかれわぜんじつのよるまでにゅうねんにりわさるおかさねた
3	妹は赤いスカートが好きです。	いもおとわあかいすかあとがすきです	いもおとわあかいすかとがすきです
3	毎朝シャワーを浴びます。	まいあさしゃわあおあびます	まいあさしゃわおあびます
3	毎朝ニュースを見る。	まいあさにゅうすおみる	まいあさにゅすおみる
3	毎日のトレーニングによって、少しずつ筋肉がついてきた。	まいにちのとれえにんぐによってすこしずつきんにくがついてきた	まいにちのとれにんぐによってすこしずつきんにくがついてきた
3	毎晩テレビでニュースを見ます。	まいばんてれびでにゅうすおみます	まいばんてれびでにゅすおみます
3	毎晩ニュースを見ます。	まいばんにゅうすおみます	まいばんにゅすおみます
3	万一に備えて、非常食と水を三日分ほど用意しておいた。	まんいちにそなえてひじょおしょくとみずおみっかぶんほどよおいしておいた	まんいちにそなえてひじょおしょくとみずおさんにちぶんほどよおいしておいた
3	万全の準備をして臨んだおかげで、発表はスムーズに進んだ。	ばんぜんのじゅんびおしてのぞんだおかげでわっぴょおわすむうずにすすんだ	ばんぜんのじゅんびおしてのぞんだおかげでわっぴょおわすむずにすすんだ
3	未曽有の暴風が、防風林の巨木を根こそぎなぎ倒していった。	みぞおのぼおふうがぼおふうりんのきょぼくおねこそぎなぎたおしてえった	みそゆうのぼおふうがぼおふうりんのきょぼくおねこそぎなぎたおしてえった
3	名医でさえ匙を投げた難病を、彼女は不屈の精神で克服してみせた。	めえでさえさじおなげたなんびょおかのじょわふくつのせえしんでこくふくしてみせた	めえいでさえさじおなげたなんびょおかのじょわふくつのせえしんでこくふくしてみせた
3	明日のサッカーの試合が楽しみです。	あしたのさっかあのしあいがたのしみです	あしたのさっかのしあいがたのしみです
3	明日のミーティングは何時からだっけ？	あしたのみいてぃんぐわなんじからだっけ	あしたのみてぃんぐわなんじからだっけ
3	面接では派手な服より、地味な色のスーツを着たほうがいいと言われた。	めんせつでわわでなふくよりじみないろのすうつおきたほおがいといわれた	めんせつでわわでなふくよりじみないろのすつおきたほおがいといわれた
3	面接には十分前に来られることが望ましいとされています。	めんせつにわじゅっぷんまえにこられることがのぞましいとされてえます	めんせつにわじゅうぶんまえにきたられることがのぞましいとされてえます
3	面接に来られる際は、こちらで指定した会議室にお越しください。	めんせつにこられるさいわこちらでしてえしたかいぎしつにおこしください	めんせつにきたられるさいわこちらでしてえしたかいぎしつにおこしください
3	面接のために新しいスーツを買いました。	めんせつのためにあたらしいすうつおかいました	めんせつのためにあたらしいすつおかいました
3	目標を達成すべく、チーム全体で協力した。	もくひょおたっせえすべくちいむぜんたいできょおりょくした	もくひょおたっせえすべくちむぜんたいできょおりょくした
3	問題を一人でかかえこんで、報告が遅れると、小さなミスが大きなトラブルに発展しかねない。	もんだいおひとりでかかえこんでほおこくがおくれるとちいさなみすがおきなとらぶるにわってんしかねない	もんだいおいちにんでかかえこんでほおこくがおくれるとちいさなみすがおきなとらぶるにわってんしかねない
3	夜中に台所から奇妙な音が聞こえて、なかなか眠れなかった。	よなかにだいどころからきみょおなおとがきこえてなかなかねむれなかった	やちゅうにだいどころからきみょおなおとがきこえてなかなかねむれなかった
3	夜中に大きな地震があって、目が覚めてしまった。	よなかにおきなじしんがあってめがさめてしまった	やちゅうにおきなじしんがあってめがさめてしまった
3	夜中に大きな地震があって、目が覚めました。	よなかにおきなじしんがあってめがさめました	やちゅうにおきなじしんがあってめがさめました
3	役員をはじめとして、全社員がチャリティーに協力した。	やくいんおわじめとしてぜんしゃいんがちゃりてぃいにきょおりょくした	やくいんおわじめとしてぜんしゃいんがちゃりてぃにきょおりょくした
3	優れたリーダーには、大勢の部下を統率する力が求められる。	すぐれたりいだあにわおぜえのぶかおとおそつするちからがもとめられる	すぐれたりだにわたいせえのぶかおとおそつするちからがもとめられる
3	優勝がかかった一戦だけあって、両チームの攻防は凄まじいものだった。	ゆうしょおがかかったいっせんだけあってりょおちいむのこおぼおわすさまじいものだった	ゆうしょおがかかったいちせんだけあってりょおちむのこおぼおわすさまじいものだった
3	優勝旗を掲げた選手たちは、意気揚々と凱旋パレードを行進した。	ゆうしょおきおかかげたせんしゅたちわいきよおよおとがいせんぱれえどおこおしんした	ゆうしょおきおかかげたせんしゅたちわいきよおよおとがいせんぱれどおこおしんした
3	優勝候補のチームは、わずかに一点差で惜しくも敗れ去った。	ゆうしょおこおほのちいむわわずかにいってんさでおしくもやぶれさった	ゆうしょおこおほのちむわわずかにいちてんさでおしくもやぶれさった
3	友だちにメールを送りました。	ともだちにめえるおくりました	ともだちにめるおくりました
3	夕暮れの駅に響くアコーディオンの音色が、なぜかもの悲しく胸に迫った。	ゆうぐれのえきにひびくあこおでぃおんのねえろがなぜかものがなしくむねにせまった	ゆうぐれのえきにひびくあこでぃおんのねえろがなぜかものがなしくむねにせまった
3	夕方5時まで会議します。	ゆうがたごじまでかいぎします	ゆうがたじまでかいぎします
3	予定は決まっていませんが、一応スーツを持って行きます。	よてえわきまってえませんがいちおすうつおもってえきます	よてえわきまってえませんがいちおすつおもってえきます
3	予約してからでないと、入店できません。	よやくしてからでないといれてんできません	よやくしてからでないとにゅうみせできません
3	予約なしには、人気ラーメン店には入れない。	よやくなしにわにんきらあめんてんにわいれない	よやくなしにわにんきらめんてんにわいれない
3	幼少期の徹底した訓練が、後の彼の卓越した技術の下地となった。	よおしょおきのてってえしたくんれんがあとのかれのたくえつしたぎじゅつのしたじとなった	よおしょおきのてってえしたくんれんがごのかれのたくえつしたぎじゅつのしたじとなった
3	来月、駅の近くの新しいアパートに引っ越します。	らいげつえきのちかくのあたらしいあぱあとにひっこします	らいげつえきのちかくのあたらしいあぱとにひっこします
3	来月、家族と北海道に行く予定です。飛行機で札幌まで行って、そこから車で温泉に行きます。三泊四日の旅行です。	らいげつかぞくとほっかいどおにいくよてえですひこおきでさっぽろまでえってそこからくるまでおんせんにいきますさんぱくよっかのりょこおです	らいげつかぞくとほっかいどおにいくよてえですひこおきでさっぽろまでえってそこからくるまでおんせんにいきますさんわくよんにちのりょこおです
3	来月、会社の近くのアパートに引っ越すことになりました。	らいげつかいしゃのちかくのあぱあとにひっこすことになりました	らいげつかいしゃのちかくのあぱとにひっこすことになりました
3	来月、市民ホールで国際的な音楽祭が開催される予定だ。	らいげつしみんほおるでこくさいてきなおんがくさいがかいさいされるよてえだ	らいげつしみんほるでこくさいてきなおんがくさいがかいさいされるよてえだ
3	来月のスピーチ大会に出るために、毎日練習しています。	らいげつのすぴいちたいかいにでるためにまいにちれんしゅうしてえます	らいげつのすぴちたいかいにでるためにまいにちれんしゅうしてえます
3	来月のセミナーに参加したいので、早めに申し込んでおきました。	らいげつのせみなあにさんかしたいのでわやめにもおしこんでおきました	らいげつのせみなにさんかしたいのでわやめにもおしこんでおきました
3	来週から、全社員を対象にアンケートを実施することになりました。	らいしゅうからぜんしゃいんおたいしょおにあんけえとおじっしすることになりました	らいしゅうからぜんしゃいんおたいしょおにあんけとおじっしすることになりました
3	来週のコンサートは中止だそうです。	らいしゅうのこんさあとわちゅうしだそおです	らいしゅうのこんさとわちゅうしだそおです
3	来週のセミナーには、ぜひご参加いただければと思います。	らいしゅうのせみなあにわぜひごさんかいただければとおもいます	らいしゅうのせみなにわぜひごさんかいただければとおもいます
3	来週の授業では環境問題をテーマに討論を行う予定だ。	らいしゅうのじゅぎょおでわかんきょおもんだいおてえまにとおろんおこなうよてえだ	らいしゅうのじゅぎょおでわかんきょおもんだいおてまにとおろんおこなうよてえだ
3	来年度に向けて、会社は新たなプロジェクトチームを編成することにした。	らいねんどにむけてかいしゃわあらたなぷろじぇくとちいむおえんせえすることにした	らいねんどにむけてかいしゃわあらたなぷろじぇくとちむおえんせえすることにした
3	利益はメンバー全員に均等に分けることに決まった。	りえきわめんばあぜんいんにきんとおにわけることにきまった	りえきわめんばぜんいんにきんとおにわけることにきまった
3	理想と現実があまりに乖離していて、彼は次第に無力感に苛まれた。	りそおとげんじつがあまりにかいりしてえてかれわしだいにむりきかんにさいなまれた	りそおとげんじつがあまりにかいりしてえてかれわしだいにむりょくかんにさいなまれた
3	理不尽な要求に対し、彼女は毅然として「ノー」と言い放った。	りふじんなよおきゅうにたいしかのじょわきぜんとしてのおといわなった	りふじんなよおきゅうにたいしかのじょわきぜんとしてのといわなった
3	旅行に行く前に、パスポートの期限を確認しておきましょう。	りょこおにいくまえにぱすぽおとのきげんおかくにんしておきましょお	りょこおにいくまえにぱすぽとのきげんおかくにんしておきましょお
3	両大国が軍縮交渉のテーブルに着いたこと自体、世界にとって画期的な一歩と言える。	りょおたいこくがぐんしゅくこおしょおのてえぶるについたことじたいせかいにとってかっきてきないっぽといえる	りょおたいこくがぐんしゅくこおしょおのてぶるについたことじたいせかいにとってかっきてきないちほといえる
3	料金の支払いが期日を過ぎますと、サービスが一時停止される場合がございます。	りょおきんのしわらいがきじつおすぎますとさあびすがいちじてえしされるばあいがございます	りょおきんのしわらいがきじつおすぎますとさびすがいちじてえしされるばあいがございます
3	涼しくなるどころか、9月に入っても真夏日が続いている。	すずしくなるどころかくがつにわいってもまなつびがつずいてえる	すずしくなるどころかつきにわいってもまなつびがつずいてえる
3	力不足は承知の上ですが、精一杯務めさせていただきます。	ちからぶそくわしょおちのおえですがせえっぱいつとめさせてえただきます	ちからぶそくわしょおちのおえですがせえいっぱいつとめさせてえただきます
3	隣の工事の音が喧しくて、仕事に集中できやしない。	となりのこおじのおとがかまびすしくてしごとにしゅうちゅうできやしない	となりのこおじのおとがやかましくてしごとにしゅうちゅうできやしない
3	冷めたスープを、電子レンジでもう一度温めました。	さめたすうぷおでんしれんじでもおいちどあたためました	さめたすぷおでんしれんじでもおいちどあたためました
3	連戦に次ぐ連戦で、チームは満身創痍のまま決勝に臨んだ。	れんせんにつぐれんせんでちいむわまんしんそおいのままけっしょおにのぞんだ	れんせんにつぐれんせんでちむわまんしんそおいのままけっしょおにのぞんだ
3	連絡はメール、或いは電話でお願いします。	れんらくわめえるあるいわでんわでおねがいします	れんらくわめるあるいわでんわでおねがいします
3	和食は二〇一三年にユネスコの無形文化遺産に登録されました。季節感を大切にし、栄養バランスが優れていることが評価されました。	わしょくわにせんじゅうさんねんにゆねすこのむけえぶんかいさんにとおろくされましたきせつかんおたいせつにしえよおばらんすがすぐれてえることがひょおかされました	わしょくわにれえいちさんねんにゆねすこのむけえぶんかいさんにとおろくされましたきせつかんおたいせつにしえよおばらんすがすぐれてえることがひょおかされました
3	訃報を聞きつけた大勢の関係者が、次々と自宅を弔問に訪れた。	ふほおききつけたおぜえのかんけえしゃがつぎつぎとじたくおちょおもんにおとずれた	ふほおききつけたたいせえのかんけえしゃがつぎつぎとじたくおちょおもんにおとずれた
1	「明日世界を征服する」などと、彼はいつも酔うと戯言ばかり並べる。	あしたせかいおせえふくするなどとかれわいつもよおとざれごとばかりならべる	あしたせかいおせえふくするなどとかれわいつもよおとたわごとばかりならべる
1	A：今回の買収案件について、慎重に検討する必要があります。財務状況は表面的には良好ですが、内部留保の使い道に疑問が残ります。。B：おっしゃる通りです。デューデリジェンスをもう一段階深く行う必要があるかと。。A：時間的制約もありますが、リスク評価を優先しましょう。。B：承知しました。専門家チームを編成して進めます。	えこんかいのばいしゅうあんけんについてしんちょおにけんとおするひつよおがありますざいむじょおきょおわひょおめんてきにわりょおこおですがないぶりゅうほのつかいみちにぎもんがのこりますびいおっしゃるとおりですでゅうでりじぇんすおもおいちだんかいふかくおこなうひつよおがあるかとえじかんてきせえやくもありますがりすくひょおかおゆうせんしましょおびいしょおちしましたせんもんかちいむおえんせえしてすすめます	A：こんかいのばいしゅうあんけんについてしんちょおにけんとおするひつよおがありますざいむじょおきょおわひょおめんてきにわりょおこおですがないぶりゅうほのつかいみちにぎもんがのこりますB：おっしゃるとおりですでゅでりじぇんすおもおいちだんかいふかくおこなうひつよおがあるかとA：じかんてきせえやくもありますがりすくひょおかおゆうせんしましょおB：しょおちしましたせんもんかちむおえんせえしてすすめます
1	A：今度、新しいプロジェクトのメンバーになってもらえませんか。。B：光栄です。具体的にはどんな仕事ですか。。A：マーケティングの企画を一緒に作ってもらいたいんです。。B：分かりました。喜んで参加します。	えこんどあたらしいぷろじぇくとのめんばあになってもらえませんかびいこおえですぐたいてきにわどんなしごとですかえまあけてぃんぐのきかくおいっしょにつくってもらいたいんですびいわかりましたよろこんでさんかします	A：こんどあたらしいぷろじぇくとのめんばになってもらえませんかB：こおえですぐたいてきにわどんなしごとですかA：まけてぃんぐのきかくおいっしょにつくってもらいたいんですB：わかりましたよろこんでさんかします
1	A：新しいプロジェクトの進行状況はどうなっていますか。遅れが出ているようですが。。B：申し訳ありません。システムの不具合が原因で、予定より3日ほど遅れております。。A：そうですか。今週末までに挽回できそうですか。。B：はい、チーム全員で残業して対応する予定です。	えあたらしいぷろじぇくとのしんこおじょおきょおわどおなってえますかおくれがでてえるよおですがびいもおしわけありませんしすてむのふぐあいがげんいんでよてえよりみっかほどおくれておりますえそおですかこんしゅうまつまでにばんかいできそおですかびいわいちいむぜんいんでざんぎょおしてたいおするよてえです	A：あたらしいぷろじぇくとのしんこおじょおきょおわどおなってえますかおくれがでてえるよおですがB：もおしわけありませんしすてむのふぐあいがげんいんでよてえよりにちほどおくれておりますA：そおですかこんしゅうまつまでにばんかいできそおですかB：わいちむぜんいんでざんぎょおしてたいおするよてえです
1	A：先日購入した商品なんですが、初期不良があったようで、電源が入らないんです。。B：大変申し訳ございません。お手数ですが、レシートと商品をお持ちいただければ、すぐに交換させていただきます。。A：保証書はあるんですが、レシートは捨ててしまって。。B：かしこまりました。保証書があれば対応可能です。	えせんじつこおにゅうしたしょおひんなんですがしょきふりょおがあったよおででんげんがわいらないんですびいたいえんもおしわけございませんおてすうですがれしいととしょおひんおもちいただければすぐにこおかんさせてえただきますえほしょおしょわあるんですがれしいとわすててしまってびいかしこまりましたほしょおしょがあればたいおかのおです	A：せんじつこおにゅうしたしょおひんなんですがしょきふりょおがあったよおででんげんがわいらないんですB：たいえんもおしわけございませんおてかずですがれしととしょおひんおもちいただければすぐにこおかんさせてえただきますA：ほしょおしょわあるんですがれしとわすててしまってB：かしこまりましたほしょおしょがあればたいおかのおです
1	A：田中さん、会議の資料はもう準備できましたか。。B：すみません、今コピーをしているところです。あと5分くらいで終わります。。A：わかりました。終わったら、机の上に置いておいてください。。B：はい、承知いたしました。	えたなかさんかいぎのしりょおわもおじゅんびできましたかびいすみませんいまこぴいおしてえるところですあとごふんくらいでおわりますえわかりましたおわったらつくえのおえにおいておいてくださいびいわいしょおちいたしました	A：たなかさんかいぎのしりょおわもおじゅんびできましたかB：すみませんこんこぴおしてえるところですあとふんくらいでおわりますA：わかりましたおわったらつくえのおえにおいておいてくださいB：わいしょおちいたしました
1	あと一点で合格だったのに、本当に惜しいことをした。	あといってんでごおかくだったのにほんとおにおしいことおした	あといちてんでごおかくだったのにほんとおにおしいことおした
1	あと一点で合格だったのに、本当に惜しいことをしましたね。	あといってんでごおかくだったのにほんとおにおしいことおしましたね	あといちてんでごおかくだったのにほんとおにおしいことおしましたね
1	あと一点で優勝を逃してしまい、悔しくて涙が出ました。	あといってんでゆうしょおのがしてしまいくやしくてなみだがでました	あといちてんでゆうしょおのがしてしまいくやしくてなみだがでました
1	あと一歩のところで優勝を逃し、彼は無念の涙をのんだ。	あといっぽのところでゆうしょおのがしかれわむねんのなみだおのんだ	あといちほのところでゆうしょおのがしかれわむねんのなみだおのんだ
1	あの新しい書店は品揃えがいいそうだ。	あのあたらしいしょてんわしなぞろえがいそおだ	あのあたらしいしょてんわしなそろえがいそおだ
1	あの人に秘密を打ち明けたが最後、あっという間に噂が広がる。	あのひとにひみつおちあけたがさいごあっとゆうまにうわさがひろがる	あのひとにひみつおちあけたがさいごあっというまにうわさがひろがる
1	あの政治家は、巧みな策略で対立候補を次々に窮地に追い込んだ。	あのせえじかわたくみなさくりゃくでたいりっこおほおつぎつぎにきゅうちにおいこんだ	あのせえじかわたくみなさくりゃくでたいりつこおほおつぎつぎにきゅうちにおいこんだ
1	あの星から届く光は、実に何千光年もの時を経て、ようやく私たちの目に達したものだ。	あのほしからとどくひかりわじつになんぜんこおねんものときおえてよおやくわたしたちのめにたっしたものだ	あのほしからとどくひかりわじつになんせんこおねんものときおえてよおやくわたしたちのめにたっしたものだ
1	あの二人が不仲だなどというのは、誰かが面白半分に流した根も葉もない噂に過ぎない。	あのふたりがふなかだなどというのわだれかがおもしろわんぶんにながしたねもわもないうわさにすぎない	あのににんがふなかだなどというのわだれかがおもしろわんぶんにながしたねもわもないうわさにすぎない
1	あの二人が付き合っているという噂は、どうやら本当だったらしい。	あのふたりがつきあってえるというわさわどおやらほんとおだったらしい	あのににんがつきあってえるというわさわどおやらほんとおだったらしい
1	あの文豪の人柄を物語る逸話は、今でも語り草になっている。	あのぶんごおのひとがらおものがたるいつわわいまでもかたりぐさになってえる	あのぶんごおのひとがらおものがたるいつわわいまでもかたりくさになってえる
1	あらう	あらあ	あらう
1	あれほど激しく対立した二人だが、腹を割って話した後はかえって固い信頼で結ばれた。雨降って地固まるとはこのことだ。	あれほどわげしくたいりつしたふたりだがわらおわってわなしたあとわかえってかたいしんらいでむすばれたあめふってじかたまるとわこのことだ	あれほどわげしくたいりつしたににんだがわらおわってわなしたのちわかえってかたいしんらいでむすばれたあめふってちかたまるとわこのことだ
1	アンケートにご回答いただいた方には、もれなく粗品を進呈いたします。	あんけえとにごかいとおいただいたほおにわもれなくそしなおしんてえたします	あんけとにごかいとおいただいたほおにわもれなくそしなおしんてえいたします
1	あんなに難しい試験に、彼はたった一週間の勉強で合格したそうだ。	あんなにむずかしいしけんにかれわたったいっしゅうかんのべんきょおでごおかくしたそおだ	あんなにむずかしいしけんにかれわたったいちしゅうかんのべんきょおでごおかくしたそおだ
1	うわさはあっという間に学校中に広がってしまいました。	うわさわあっとゆうまにがっこおちゅうにひろがってしまいました	うわさわあっというまにがっこおちゅうにひろがってしまいました
1	お湯が沸いたら、火を止めて茶葉を入れてください。	おゆがわいたらひおとめてちゃばおいれてください	おゆがわいたらひおとめてちゃわおいれてください
1	お腹が空いて、何か食べました。	おなかがすいてなにかたべました	おなかがあいてなにかたべました
1	かつて神社は、その地域の祭祀を一手に司る存在であった。	かつてじんじゃわそのちいきのさいしおいってにつかさどるそんざいであった	かつてじんじゃわそのちいきのさいしおいちてにつかさどるそんざいであった
1	ぎきょ	ぎきよ	ぎきょ
1	ここで一手誤れば全てを失う、まさに正念場ともいえる局面だ。	ここでえってあやまればすべておしなうまさにしょおねんばともいえるきょくめんだ	ここでえちてあやまればすべておしなうまさにしょおねんばともいえるきょくめんだ
1	こていひ	こてえい	こてえひ
1	この一件は、現代社会が抱える矛盾の断面を如実に映し出している。	このいっけんわげんだいしゃかいがかかえるむじゅんのだんめんおにょじつにうつしだしてえる	このいちけんわげんだいしゃかいがかかえるむじゅんのだんめんおにょじつにうつしだしてえる
1	この橋の施工は、地元の建設会社が請け負うことになった。	このわしのせこおわじもとのけんせつかいしゃがうけおことになった	このわしのしこおわじもとのけんせつかいしゃがうけおことになった
1	この工場では、一日に何千台もの自動車を生産しているそうだ。	このこおじょおでわいちにちになんぜんだいものじどおしゃおせえさんしてえるそおだ	このこおじょおでわいちにちになんせんだいものじどおしゃおせえさんしてえるそおだ
1	この時計は職人が手作業で仕上げた、実に精巧な細工が施されている。	このとけえわしょくにんがてさぎょおでしあげたじつにせえこおなさいくがほどこされてえる	このとけえわしょくにんがてさぎょおでしあげたじつにせえこおなざいくがほどこされてえる
1	この種の訴訟では、過去の判例が判決を左右する決め手となることが多い。	このしゅのそしょおでわかこのわんれえがわんけつおさゆうするきめてとなることがおい	このたねのそしょおでわかこのわんれえがわんけつおさゆうするきめてとなることがおい
1	この小説には、時代に取り残されていく者たちの悲哀が静かに描かれている。	このしょおせつにわじだいにとりのこされてえくものたちのひあいがしずかにえがかれてえる	このしょおせつにわじだいにとりのこされてえくしゃたちのひあいがしずかにえがかれてえる
1	この条件に該当する方は、速やかに窓口までお申し出ください。	このじょおけんにがいとおするかたわすみやかにまどぐちまでおもおしでください	このじょおけんにがいとおするほおわすみやかにまどぐちまでおもおしでください
1	この条件に当てはまる方は、期限までに書類を提出してください。	このじょおけんにあてわまるかたわきげんまでにしょるいおてえしゅつしてください	このじょおけんにあてわまるほおわきげんまでにしょるいおてえしゅつしてください
1	この条件に当てはまる方は、受付で割引を受けられます。	このじょおけんにあてわまるかたわうけつけでわりびきおけられます	このじょおけんにあてわまるほおわうけつけでわりびきおけられます
1	この地域は昔から米作りが盛んで、おいしいお米が有名です。	このちいきわむかしからこめずくりがさかんでおいしいおこめがゆうめえです	このちいきわむかしからべえずくりがさかんでおいしいおべえがゆうめえです
1	この地方の料理は、想像していた以上に辛かった。	このちほおのりょおりわそおぞおしてえたいじょおにからかった	このちほおのりょおりわそおぞおしてえたいじょおにつらかった
1	この庭園には、江戸の職人技の粋が余すところなく凝縮されている。	このてえんにわえどのしょくにんわざのすいがあますところなくぎょおしゅくされてえる	このてえんにわえどのしょくにんわざのいきがあますところなくぎょおしゅくされてえる
1	この年頃の子どもは、一年で身長が十センチ近く伸びることもある。	このとしごろのこどもわいちねんでしんちょおがじゅっせんちちかくのびることもある	このとしごろのこどもわいちねんでしんちょおがじゅうせんちちかくのびることもある
1	この木はとても太くて、大人二人でも抱えられません。	このきわとてもふとくておとなふたりでもかかえられません	このきわとてもふとくておとなににんでもかかえられません
1	この問題は思ったより厄介で、解決するのに一週間もかかった。	このもんだいわおもったよりやっかいでかいけつするのにいっしゅうかんもかかった	このもんだいわおもったよりやっかいでかいけつするのにいちしゅうかんもかかった
1	この理論からは、応用範囲の広い数多くの概念が派生している。	このりろんからわおよおわんいのひろいかずおくのがいねんがわせえしてえる	このりろんからわおよおわんいのひろいすうおくのがいねんがわせえしてえる
1	この論文を英語から日本語に翻訳するのに一週間かかった。	このろんぶんおえごからにほんごにほんやくするのにいっしゅうかんかかった	このろんぶんおえごからにほんごにほんやくするのにいちしゅうかんかかった
1	さくらはとてもきれいですが、さく期間は一週間ぐらいとみじかいです。	さくらわとてもきれえですがさくきかんわいっしゅうかんぐらいとみじかいです	さくらわとてもきれえですがさくきかんわいちしゅうかんぐらいとみじかいです
1	すべての国民は法の下に平等であると憲法に定められている。	すべてのこくみんわほおのもとにびょおどおであるとけんぽおにさだめられてえる	すべてのこくみんわほおのしたにびょおどおであるとけんぽおにさだめられてえる
1	せつじょく	せつじよく	せつじょく
1	ぜんぶで三百円ぐらいです。	ぜんぶでさんびゃくえんぐらいです	ぜんぶでさんひゃくえんぐらいです
1	その斬新な広告は予想をはるかに超える反響を呼び、瞬く間に話題をさらった。	そのざんしんなこおこくわよそおわるかにこえるわんきょおよびまたたくまにわだいおさらった	そのざんしんなこおこくわよそおわるかにこえるわんきょおよびまばたくまにわだいおさらった
1	そんな高難度の試験、一発で受かりっこない。	そんなこおなんどのしけんいっぱつでうかりっこない	そんなこおなんどのしけんいちわつでうかりっこない
1	たかが一回のテストで、そんなに落ち込まないほうがいいよ。	たかがいっかいのてすとでそんなにおちこまないほおがいよ	たかがいちかいのてすとでそんなにおちこまないほおがいよ
1	ちょっとした誤解が原因で、二人の関係はぎくしゃくしてしまった。	ちょっとしたごかいがげんいんでふたりのかんけえわぎくしゃくしてしまった	ちょっとしたごかいがげんいんでににんのかんけえわぎくしゃくしてしまった
1	つかう	つかあ	つかう
1	つまらない意地の張り合いで、両者とも面子にこだわりすぎている。	つまらないじのわりあいでりょおしゃともめんつにこだわりすぎてえる	つまらないじのわりあいでりょおしゃともめんこにこだわりすぎてえる
1	とちゅうに川があって、はしをわたります。	とちゅうにかわがあってわしおわたります	とちゅうにがわがあってわしおわたります
1	バスがなかなか来なくて、三十分も待ちました。	ばすがなかなかこなくてさんじゅっぷんもまちました	ばすがなかなかこなくてさんじゅうふんもまちました
1	バスの中では、老人や体の不自由な方に席をゆずりましょう。	ばすのなかでわろおじんやからだのふじゆうなかたにせきおゆずりましょお	ばすのなかでわろおじんやからだのふじゆうなほおにせきおゆずりましょお
1	ヒトの細胞には、通常四十六本の染色体が含まれている。	ひとのさいぼおにわつうじょおよんじゅうろっぽんのせんしょくたいがふくまれてえる	ひとのさいぼおにわつうじょおよんじゅうろくほんのせんしょくたいがふくまれてえる
1	やりたいことは先延ばしにするな。歳月人を待たずと言うだろう。	やりたいことわさきのばしにするなさいげつひとおまたずというだろお	やりたいことわさきのばしにするなさいげつじんおまたずというだろお
1	わずか十七音で情景を切り取る俳句には、日本人の美意識が凝縮されている。	わずかじゅうななおんでじょおけえおきりとるわいくにわにっぽんじんのびいしきがぎょおしゅくされてえる	わずかじゅうななおとでじょおけえおきりとるわいくにわにっぽんじんのびいしきがぎょおしゅくされてえる
1	わたしは普通、七時に起きます。	わたしわふつうしちじにおきます	わたしわふつうななじにおきます
1	意見が対立したが、最後はこちらが一歩譲ることで話がまとまった。	いけんがたいりつしたがさいごわこちらがいっぽゆずることでわなしがまとまった	いけんがたいりつしたがさいごわこちらがいちほゆずることでわなしがまとまった
1	医師は虫歯になった歯を一本抜くことにした。	いしわむしばになったわおいっぽんぬくことにした	いしわむしばになったわおいちほんぬくことにした
1	医療ミスは一件たりとも許されない。	いりょおみすわいっけんたりともゆるされない	いりょおみすわいちけんたりともゆるされない
1	一つの銀行の破綻が引き金となって、瞬く間に金融恐慌が世界中に波及した。	ひとつのぎんこおのわたんがひきがねとなってまたたくまにきんゆうきょおこおがせかいじゅうにわきゅうした	ひとつのぎんこおのわたんがひきがねとなってまばたくまにきんゆうきょおこおがせかいじゅうにわきゅうした
1	一国の経済が特定の輸出品に過度に依存するのは、極めて危険である。	いっこくのけえざいがとくてえのゆしゅつひんにかどにいぞんするのわきわめてきけんである	いちこくのけえざいがとくてえのゆしゅつひんにかどにいぞんするのわきわめてきけんである
1	一冊の本との出会いが、彼の社会意識の覚醒を促した。	いっさつのほんとのであいがかれのしゃかいしきのかくせえおながした	いちさつのほんとのであいがかれのしゃかいしきのかくせえおながした
1	一社が市場を独占すると、消費者にとって不利になることが多い。	いっしゃがしじょおどくせんするとしょおひしゃにとってふりになることがおい	いちしゃがしじょおどくせんするとしょおひしゃにとってふりになることがおい
1	一社が市場を独占的に支配する状況は、消費者の利益を損なう。	いっしゃがしじょおどくせんてきにしわいするじょおきょおわしょおひしゃのりえきおそこなう	いちしゃがしじょおどくせんてきにしわいするじょおきょおわしょおひしゃのりえきおそこなう
1	一社の経営破綻が、取引先全体に深刻な影響を波及させた。	いっしゃのけえわたんがとりひきさきぜんたいにしんこくなえきょおわきゅうさせた	いちしゃのけえわたんがとりひきさきぜんたいにしんこくなえきょおわきゅうさせた
1	一世紀前、この地域は一方的に隣国に併合された歴史を持つ。	いっせえきまえこのちいきわいっぽおてきにりんごくにえごおされたれきしおもつ	いちせえきまえこのちいきわいっぽおてきにりんごくにえごおされたれきしおもつ
1	一度口にした心ない言葉は覆水盆に返らずで、いくら謝っても彼女の信頼は戻らなかった。	いちどくちにしたこころないことばわふくすいぼんにかえらずでえくらあやまってもかのじょのしんらいわもどらなかった	いちどぐちにしたこころないことばわふくすいぼんにかえらずでえくらあやまってもかのじょのしんらいわもどらなかった
1	一度失われた信頼を取り戻すのは難しく、その関係の悪化はもはや不可逆なものとなっていた。	いちどおしなわれたしんらいおとりもどすのわむずかしくそのかんけえのあっかわもわやふかぎゃくなものとなってえた	いちどおしなわれたしんらいおとりもどすのわむずかしくそのかんけえのあっかわもわやふきゃがくなものとなってえた
1	一日中パソコンに向かっていたので、肩がひどく凝ってしまった。	いちにちじゅうぱそこんにむかってえたのでかたがひどくこってしまった	いちにちちゅうぱそこんにむかってえたのでかたがひどくこってしまった
1	一日中歩いてくたくたになった。	いちにちじゅうあるいてくたくたになった	いちにちちゅうあるいてくたくたになった
1	一晩で三十センチも雪が積もり、朝の交通は大きく乱れた。	ひとばんでさんじゅっせんちもゆきがつもりあさのこおつうわおきくみだれた	いちばんでさんじゅうせんちもゆきがつもりあさのこおつうわおきくみだれた
1	一歩間違えれば大事故になる危うい場面だった。	いっぽまちがえればだいじこになるあやういばめんだった	いちほまちがえればだいじこになるあやういばめんだった
1	一方的な決定は、現場で汗を流してきた者たちの誇りを踏み躙るものだった。	いっぽおてきなけってえわげんばであせおながしてきたものたちのほこりおふみにじるものだった	いっぽおてきなけってえわげんばであせおながしてきたしゃたちのほこりおふみにじるものだった
1	一本の電話を境に、私を取り巻く状況は一変してしまった。	いっぽんのでんわおさかいにわたしおとりまくじょおきょおわいっぺんしてしまった	いちほんのでんわおさかいにわたしおとりまくじょおきょおわいっぺんしてしまった
1	引っ越してきたばかりなので、近所の方にきちんと挨拶しておきたい。	ひっこしてきたばかりなのできんじょのかたにきちんとあいさつしておきたい	ひっこしてきたばかりなのできんじょのほおにきちんとあいさつしておきたい
1	雨が降りそうだから、さっさと帰ったほうがいいよ。	あめがふりそおだからさっさとかえったほおがいよ	あめがおりそおだからさっさとかえったほおがいよ
1	雨が降りました。しかし、出かけました。	あめがふりましたしかしでかけました	あめがおりましたしかしでかけました
1	雨で外に出られず、一日中退屈でした。	あめでそとにでられずいちにちじゅうたいくつでした	あめでそとにでられずいちにちちゅうたいくつでした
1	雨の日に外を歩くと、靴がすぐに泥で汚れる。	あめのひにそとおあるくとくつがすぐにどろでけがれる	あめのひにそとおあるくとくつがすぐにどろでよごれる
1	雨の日は靴がすぐに汚れる。	あめのひわくつがすぐにけがれる	あめのひわくつがすぐによごれる
1	運動の後は、脈拍がしばらく速いままだった。	うんどおのあとわみゃくわくがしばらくわやいままだった	うんどおののちわみゃくわくがしばらくわやいままだった
1	雲の色が重くて、雨が降りそうだ。	くものいろがおもくてあめがふりそおだ	くものいろがおもくてあめがおりそおだ
1	映画は七時に始まります。	えがわしちじにわじまります	えがわななじにわじまります
1	映画を見終わった後、参加者一人ひとりに率直な感想を述べてもらった。	えがおみおわったあとさんかしゃひとりひとりにそっちょくなかんそおのべてもらった	えがおみおわったのちさんかしゃひとりひとりにそっちょくなかんそおのべてもらった
1	駅から家まで、あるいて十分ぐらいです。	えきからいえまであるいてじゅうぶんぐらいです	えきからいえまであるいてじゅうふんぐらいです
1	駅から歩いて十分程のところに新しいカフェができた。	えきからあるいてじゅっぷんほどのところにあたらしいかふぇができた	えきからあるいてじゅうぶんほどのところにあたらしいかふぇができた
1	駅まで三十分かかります。	えきまでさんじゅっぷんかかります	えきまでさんじゅうふんかかります
1	駅まで十分ぐらいかかります。	えきまでじゅっぷんぐらいかかります	えきまでじゅうふんぐらいかかります
1	遠くで雷がごろごろと鳴り始めたので、急いで洗濯物を取り込んだ。	とおくでかみなりがごろごろとなりわじめたのでえそいでせんたくものおとりこんだ	とおくでかみなりがごろごろとなりわじめたのでえそいでせんたくぶつおとりこんだ
1	応募できるのは二十歳以下の方に限られています。	おぼできるのわにじゅっさいかのほおにかぎられてえます	おぼできるのわにじゅうさいかのほおにかぎられてえます
1	仮にも一国を代表する立場にある者が、そんな軽率な発言をすべきではない。	かりにもいっこくおだいひょおするたちばにあるものがそんなけえそつなわつげんおすべきでわない	かりにもいちこくおだいひょおするたちばにあるものがそんなけえそつなわつげんおすべきでわない
1	何気ない一冊との出会いが契機となって、彼女は研究者の道を歩み始めた。	なにげないっさつとのであいがけえきとなってかのじょわけんきゅうしゃのみちおあゆみわじめた	なにげないちさつとのであいがけえきとなってかのじょわけんきゅうしゃのみちおあゆみわじめた
1	何百年も前に築かれた石垣が、地震にも崩れず今なお堅牢に残っている。	なんびゃくねんもまえにきずかれたいしがきがじしんにもくずれずいまなおけんろおにのこってえる	なんひゃくねんもまえにきずかれたいしがきがじしんにもくずれずこんなおけんろおにのこってえる
1	過ぎたことをいつまでも悔やんでも詮ないから、前を向くしかない。	すぎたことおいつまでもくやんでもせんないからまえおむくしかない	かぎたことおいつまでもくやんでもせんないからまえおむくしかない
1	過ぎたことをいつまでも恨んでいても、何も始まらない。	すぎたことおいつまでもおらんでえてもなにもわじまらない	かぎたことおいつまでもおらんでえてもなにもわじまらない
1	我思う、ゆえに我あり——この一節は近代哲学の出発点とされている。	われおもおゆえにわれありこのいっせつわきんだいてつがくのしゅっぱつてんとされてえる	わがおもおゆえにわがありこのいっせつわきんだいてつがくのしゅっぱつてんとされてえる
1	会議で同じ話が延々と続き、なかなか結論が出なかった。	かいぎでおなじばなしがえんえんとつずきなかなかけつろんがでなかった	かいぎでおなじわなしがえんえんとつずきなかなかけつろんがでなかった
1	会議室が変わったので、三階へ移動してください。	かいぎしつがかわったのでさんがいえどおしてください	かいぎしつがかわったのでさんかいえどおしてください
1	会議室が変更になりましたので、三階の大会議室へご移動ください。	かいぎしつがえんこおになりましたのでさんがいのだいかいぎしつえごいどおください	かいぎしつがえんこおになりましたのでさんかいのだいかいぎしつえごいどおください
1	改革案をめぐり、経営陣と労組が一歩も譲らず対峙している。	かいかくあんおめぐりけえじんとろおそがいっぽもゆずらずたいじしてえる	かいかくあんおめぐりけえじんとろおそがいちほもゆずらずたいじしてえる
1	改正された個人情報保護法は、来月一日をもって施行される運びとなった。	かいせえされたこじんじょおほおほごほおわらいげつついたちおもってしこおされるわこびとなった	かいせえされたこじんじょおほおほごほおわらいげついちにちおもってしこおされるわこびとなった
1	海外赴任では、郷に入っては郷に従えの精神で、現地の商習慣を素直に受け入れることが肝心だ。	かいがいふにんでわごおにわいってわごおにしたがえのせえしんでげんちのしょおしゅうかんおすなおにうけえれることがかんじんだ	かいがいふにんでわさとにわいってわさとにしたがえのせえしんでげんちのしょおしゅうかんおすなおにうけえれることがかんじんだ
1	開演の三十分前から、観客の入場が始まる予定です。	かいえんのさんじゅっぷんまえからかんきゃくのにゅうじょおがわじまるよてえです	かいえんのさんじゅうふんまえからかんきゃくのにゅうじょおがわじまるよてえです
1	外は日差しが強いので、出かける前に日焼け止めを塗っておこう。	そとわひざしがつよいのででかけるまえにひやけどめおぬっておこお	そとわひざしがつよいのででかけるまえにひやけとめおぬっておこお
1	各地に分散していた工場を一か所に集約し、生産効率を高めた。	かくちにぶんさんしてえたこおじょおいっかしょにしゅうやくしせえさんこおりつおたかめた	かくちにぶんさんしてえたこおじょおいちかしょにしゅうやくしせえさんこおりつおたかめた
1	獲れたばかりの魚をその場で加工することで、鮮度と風味を保っている。	とれたばかりのさかなおそのばでかこおすることでせんどとふうみおたもってえる	えれたばかりのさかなおそのばでかこおすることでせんどとふうみおたもってえる
1	角が立つのを承知で、あえて反対意見を述べさせていただきます。	かどがたつのおしょおちであえてわんたいけんおのべさせてえただきます	かくがたつのおしょおちであえてわんたいけんおのべさせてえただきます
1	楽しい時間はあっという間に過ぎ、気づけばもう別れの時刻だった。	たのしいじかんわあっとゆうまにすぎきずけばもおわかれのじこくだった	たのしいじかんわあっというまにすぎきずけばもおわかれのじこくだった
1	滑車を組み合わせることで、人力でも数百キロの荷を難なく吊り上げられる。	かっしゃおくみあわせることでじんりきでもすうひゃっきろのにおなんなくつりあげられる	かっしゃおくみあわせることでじんりきでもすうひゃくきろのにおなんなくつりあげられる
1	乾燥する季節は、皮膚が荒れやすいので保湿を欠かせない。	かんそおするきせつわひふがあれやすいのでほしつおかかせない	かんそおするきせつわひふがあれやすいのでほしめおかかせない
1	完成までにかかる費用は、おおよそ三百万円と見積もっている。	かんせえまでにかかるひよおわおよそさんびゃくまんえんとみつもってえる	かんせえまでにかかるひよおわおよそさんひゃくまんえんとみつもってえる
1	歓送迎会でスピーチさせられた。	かんそおげえかいですぴいちさせられた	かんそおむかえかいですぴちさせられた
1	汗まみれになりながら、祭りの神輿を担いだ。	あせまみれになりながらまつりのみこしおかついだ	あせまみれになりながらまつりのしんよおかついだ
1	環境問題は一国だけで解決できるものではなく、国際的な協力が欠かせない。	かんきょおもんだいわいっこくだけでかいけつできるものでわなくこくさいてきなきょおりょくがかかせない	かんきょおもんだいわいちこくだけでかいけつできるものでわなくこくさいてきなきょおりょくがかかせない
1	期限までに返信がない場合は、同意したものと見做します。	きげんまでにえんしんがないばあいわどおいしたものとみなします	きげんまでにえんしんがないばあいわどおいしたものとみ做します
1	気温が上がると、水たまりの水はあっという間に蒸発してしまう。	きおんがあがるとみずたまりのみずわあっとゆうまにじょおわつしてしまう	きおんがあがるとみずたまりのみずわあっというまにじょおわつしてしまう
1	記者たちは一斉にカメラを大臣のほうへ向けた。	きものたちわいっせえにかめらおだいじんのほおえむけた	きしゃたちわいっせえにかめらおだいじんのほおえむけた
1	記者たちは一斉にカメラを大統領に向けました。	きものたちわいっせえにかめらおだいとおりょおにむけました	きしゃたちわいっせえにかめらおだいとおりょおにむけました
1	記者たちは大臣に、矢継ぎ早に鋭い質問を浴びせた。	きものたちわだいじんにやつぎばやにするどいしつもんおあびせた	きしゃたちわだいじんにやつぎばやにするどいしつもんおあびせた
1	起業してからの数年間は、まさに疾風怒濤の日々だった。	きぎょおしてからのすうねんかんわまさにしっぷうどとおのひびだった	きぎょおしてからのすうねんかんわまさにしっぷういか濤のひびだった
1	技術者たちの粘り強い研究が、難局を打開する突破口を開いた。	ぎじゅつものたちのねばりずよいけんきゅうがなんきょくおだかいするとっぱこおひらいた	ぎじゅつしゃたちのねばりずよいけんきゅうがなんきょくおだかいするとっぱこおひらいた
1	議論はさまざまだが、煎じ詰めれば、問題は資金不足の一点に尽きる。	ぎろんわさまざまだがせんじつめればもんだいわしきんふそくのいってんにつきる	ぎろんわさまざまだがせんじつめればもんだいわしきんふそくのいちてんにつきる
1	議論は平行線をたどっていたが、会長の鶴の一声で方針は一気に決まった。	ぎろんわえこおせんおたどってえたがかいちょおのつるのひとこえでほおしんわいっきにきまった	ぎろんわえこおせんおたどってえたがかいちょおのつるのいっせえでほおしんわいっきにきまった
1	逆境をものともせず優勝をつかんだその精神力は、まさに天晴れというほかない。	ぎゃっきょおものともせずゆうしょおつかんだそのせえしんりょくわまさにてんばれというほかない	ぎゃっきょおものともせずゆうしょおつかんだそのせえしんりょくわまさにてんわれというほかない
1	丘の上には、幾多の戦火をくぐり抜けてきた堅固な城砦がそびえていた。	おかのおえにわいくたのせんかおくぐりぬけてきたけんごなじょおさいがそびえてえた	おかのおえにわいくたのせんかおくぐりぬけてきたけんごなしろとりでがそびえてえた
1	宮崎の青島に行ったことがありますか。	みやざきのあおしまにいったことがありますか	みやざきのちんたおにいったことがありますか
1	急いでも、着くのは高々十分早くなるくらいだろう。	いそいでもつくのわたかだかじゅっぷんわやくなるくらいだろお	いそいでもつくのわたかだかじゅうぶんわやくなるくらいだろお
1	強い風で、看板のねじが一本外れてしまったようだ。	つよいかぜでかんばんのねじがいっぽんわずれてしまったよおだ	つよいかぜでかんばんのねじがいちほんわずれてしまったよおだ
1	強い風のせいで、公園の木の枝が何本も折れてしまった。	つよいかぜのせえでこおえんのきのえだがなんぼんもおれてしまった	つよいかぜのせえでこおえんのきのえだがなんほんもおれてしまった
1	極寒の朝、吐く息が瞬く間に白く凍りつくのが見えた。	ごっかんのあさわくいきがまたたくまにしろくこおりつくのがみえた	ごっかんのあさわくいきがまばたくまにしろくこおりつくのがみえた
1	緊張していたはずなのに、彼は大勢の前で堂々とスピーチをした。	きんちょおしてえたわずなのにかれわおぜえのまえでどおどおとすぴいちおした	きんちょおしてえたわずなのにかれわたいせえのまえでどおどおとすぴちおした
1	苦労の末に手にした一杯だからこそ、この一杯は格別にうまい。	くろおのすえにてにしたいっぱいだからこそこのいっぱいわかくべつにうまい	くろおのすえにてにしたいちわいだからこそこのいちわいわかくべつにうまい
1	兄は堅実に貯金を続け、片や弟は稼いだ端から使い果たしてしまう。	あにわけんじつにちょきんおつずけかたやおとおとわかせえだわしからつかいわたしてしまう	あにわけんじつにちょきんおつずけかたやおとおとわかせえだわじからつかいわたしてしまう
1	経験に乏しい私でも、先輩方に支えられて何とかやっています。	けえけんにとぼしいわたしでもせんぱいかたにささえられてなにとかやってえます	けえけんにとぼしいわたしでもせんぱいかたにささえられてなんとかやってえます
1	経験豊富なベテランをもってしても、あの案件は手強かった。	けえけんほおふなべてらんおもってしてもあのあんけんわてごわかった	けえけんほおふなべてらんおもってしてもあのあんけんわてずよかった
1	激しい腹痛に七転八倒し、救急車を呼ぶ羽目になった。	わげしいふくつうにしちてんばっとおしきゅうきゅうしゃおよぶわめになった	わげしいわらいたにしちてんばっとおしきゅうきゅうしゃおよぶわめになった
1	激しい腹痛に襲われ、彼は道端に蹲ったまま動けなくなった。	わげしいふくつうにおそわれかれわみちばたにうずくまったままうごけなくなった	わげしいわらいたにおそわれかれわみちばたにうずくまったままうごけなくなった
1	月末までにお支払いいただけるよう、請求書を本日中に発送いたします。	つきまつまでにおしわらいただけるよおせえきゅうしょおほんじつちゅうにわっそおいたします	げつまつまでにおしわらいただけるよおせえきゅうしょおほんじつちゅうにわっそおいたします
1	健康を維持するために、毎朝三十分ほど歩くようにしている。	けんこおいじするためにまいあささんじゅっぷんほどあるくよおにしてえる	けんこおいじするためにまいあささんじゅうふんほどあるくよおにしてえる
1	見学をご希望の方は、あらかじめ電話でご予約ください。	けんがくおごきぼおのかたわあらかじめでんわでごよやくください	けんがくおごきぼおのほおわあらかじめでんわでごよやくください
1	原告は損害賠償として一千万円の支払いを求めている。	げんこくわそんがいばいしょおとしてえっせんまんえんのしわらいおもとめてえる	げんこくわそんがいばいしょおとしてえちせんまんえんのしわらいおもとめてえる
1	現地の状況が刻々と変化しているため、対応策も柔軟に見直さなければならない。	げんちのじょおきょおがこくこくとえんかしてえるためたいおさくもじゅうなんにみなおさなければならない	げんちのじょおきょおがこっこくとえんかしてえるためたいおさくもじゅうなんにみなおさなければならない
1	言葉少なな彼女の表情から、その心中を推し量るしかなかった。	ことばすくななかのじょのひょおじょおからそのしんちゅうおしわかるしかなかった	ことばすくななかのじょのひょおじょおからそのしんじゅうおしわかるしかなかった
1	限られた予算でこの品質を実現するのは、まさに至難の業と言えるだろう。	かぎられたよさんでこのひんしつおじつげんするのわまさにしなんのわざといえるだろお	かぎられたよさんでこのひんしつおじつげんするのわまさにしなんのごおといえるだろお
1	古い木の階段は、一歩踏むたびにギシギシと軋む。	ふるいきのかいだんわいっぽふむたびにぎしぎしときしむ	ふるいきのかいだんわいちほふむたびにぎしぎしときしむ
1	午後から雨が降ります。	ごごからあめがふります	ごごからあめがおります
1	御堂筋線は大阪の南北を走る地下鉄です。梅田から難波まで約十分で行けます。	みどおすじせんわおさかのなんぼくおわしるちかてつですうめだからなんばまでやくじゅっぷんでえけます	みどおすじせんわおさかのなんぼくおわしるちかてつですうめだからなんばまでやくじゅうふんでえけます
1	工期の短さもさることながら、これほど大規模な工事を一社で請け負うのは異例だ。	こおきのみじかさもさることながらこれほどだいきぼなこおじおいっしゃでうけおのわいれえだ	こおきのみじかさもさることながらこれほどだいきぼなこおじおいちしゃでうけおのわいれえだ
1	行き先は、前から気になっていた金沢です。	いきさきわまえからきになってえたかなざわです	ゆきさきわまえからきになってえたかなざわです
1	高熱で寝込んだ息子を、妻は一睡もせずに一晩中看病した。	こおねつでねこんだむすこおつまわいっすいもせずにひとばんじゅうかんびょおした	こおねつでねこんだむすこおつまわいっすいもせずにいちばんちゅうかんびょおした
1	刻一刻と千変万化する市場の動きを、正確に予測するのは至難の業だ。	こくいっこくとせんぺんばんかするしじょおのおごきおせえかくによそくするのわしなんのわざだ	こくいちこくとせんぺんばんかするしじょおのおごきおせえかくによそくするのわしなんのごおだ
1	国際会議では、彼女が日本語と英語の通訳を一手に引き受けてくれた。	こくさいかいぎでわかのじょがにほんごとえごのつうやくおいってにひきうけてくれた	こくさいかいぎでわかのじょがにほんごとえごのつうやくおいちてにひきうけてくれた
1	惚れ込んでいる時は痘痕も靨で、相手の欠点すら愛おしく見えてしまうものだ。	ほれこんでえるときわあばたもえくぼであいてのけってんすらいとおしくみえてしまうものだ	ほれこんでえるときわあばたもえくぼであいてのけってんすらあいおしくみえてしまうものだ
1	今回の同窓会の幹事を任されたので、会場の予約から会費の徴収まで一手に引き受けることになった。	こんかいのどおそおかいのかんじおまかされたのでかいじょおのよやくからかいひのちょおしゅうまでえってにひきうけることになった	こんかいのどおそおかいのかんじおまかされたのでかいじょおのよやくからかいひのちょおしゅうまでえちてにひきうけることになった
1	今週は表彰、昇進、受賞といいことずくめの一週間だった。	こんしゅうわひょおしょおしょおしんじゅしょおといことずくめのいっしゅうかんだった	こんしゅうわひょおしょおしょおしんじゅしょおといことずくめのいちしゅうかんだった
1	今度の交渉相手は海千山千の弁護士で、想像以上に手強かった。	こんどのこおしょおあいてわうみせんやませんのべんごしでそおぞおいじょおにてごわかった	こんどのこおしょおあいてわうみせんやませんのべんごしでそおぞおいじょおにてずよかった
1	今日は結婚十周年の記念日なので、妻を高級レストランに連れて行こうと思います。	きょおわけっこんじゅっしゅうねんのきねんびなのでつまおこおきゅうれすとらんにつれてえこおとおもいます	きょおわけっこんじゅうしゅうねんのきねんびなのでつまおこおきゅうれすとらんにつれてえこおとおもいます
1	今日は天気がいいので、洗濯物がすぐに乾くだろう。	きょおわてんきがいのでせんたくものがすぐにかわくだろお	きょおわてんきがいのでせんたくぶつがすぐにかわくだろお
1	今年は天気に恵まれたおかげで、米の収穫がとても多かったです。	ことしわてんきにめぐまれたおかげでこめのしゅうかくがとてもおかったです	ことしわてんきにめぐまれたおかげでべえのしゅうかくがとてもおかったです
1	今年は天候に恵まれ、例年を上回る米の収穫が見込まれている。	ことしわてんこおにめぐまれれえねんおわまわるこめのしゅうかくがみこまれてえる	ことしわてんこおにめぐまれれえねんおわまわるべえのしゅうかくがみこまれてえる
1	今年は天候に恵まれて、米が例年より豊かに実りました。	ことしわてんこおにめぐまれてこめがれえねんよりゆたかにみのりました	ことしわてんこおにめぐまれてべえがれえねんよりゆたかにみのりました
1	根拠のない噂が瞬く間に社内に広がり、収拾がつかなくなった。	こんきょのないうわさがまたたくまにしゃないにひろがりしゅうしゅうがつかなくなった	こんきょのないうわさがまばたくまにしゃないにひろがりしゅうしゅうがつかなくなった
1	些細な誤解を放置したせいで、二人の関係はすっかりこじれてしまった。	ささいなごかいおほおちしたせえでふたりのかんけえわすっかりこじれてしまった	ささいなごかいおほおちしたせえでににんのかんけえわすっかりこじれてしまった
1	再会したその日は、奇しくも二人が初めて出会った日とまったく同じ日付だった。	さいかいしたそのひわくしくもふたりがわじめてであったひとまったくおなじひずけだった	さいかいしたそのひわくしくもににんがわじめてであったひとまったくおなじひずけだった
1	最近、あの二人は何となく距離を置いているように見える。	さいきんあのふたりわなんとなくきょりおいてえるよおにみえる	さいきんあのににんわなんとなくきょりおいてえるよおにみえる
1	最近は原油の相場が乱高下しているので、投資には慎重にならざるを得ない。	さいきんわげんゆのそおばがらんこおげしてえるのでとおしにわしんちょおにならざるおえない	さいきんわげんゆのそおばがらんこおかしてえるのでとおしにわしんちょおにならざるおえない
1	災害に備え、各家庭では一週間分の水や食料を備蓄することが推奨されている。	さいがいにそなえかくかてえでわいっしゅうかんぶんのみずやしょくりょおびちくすることがすいしょおされてえる	さいがいにそなえかくかてえでわいちしゅうかんぶんのみずやしょくりょおびちくすることがすいしょおされてえる
1	桜の花は、風に吹かれてあっという間に散ってしまった。	さくらのわなわかぜにふかれてあっとゆうまにちってしまった	さくらのわなわかぜにふかれてあっというまにちってしまった
1	三千円以上買えば、送料は無料になります。	さんぜんえんいじょおかえばそおりょおわむりょおになります	さんせんえんいじょおかえばそおりょおわむりょおになります
1	参加者が集まらなかったため、開始時間を三十分繰り下げました。	さんかしゃがあつまらなかったためかいしじかんおさんじゅっぷんくりさげました	さんかしゃがあつまらなかったためかいしじかんおさんじゅうふんくりさげました
1	参加者の到着が遅れているため、開演を三十分繰り下げます。	さんかしゃのとおちゃくがおくれてえるためかいえんおさんじゅっぷんくりさげます	さんかしゃのとおちゃくがおくれてえるためかいえんおさんじゅうふんくりさげます
1	山頂から見渡すと、街の灯りが一面に広がっていた。	さんちょおからみわたすとまちのともりがいちめんにひろがってえた	さんちょおからみわたすとまちのあかりがいちめんにひろがってえた
1	残業代の未払いが発覚し、労務管理のずさんさが厳しく問われることとなった。	ざんぎょおだいのみばらいがわっかくしろおむかんりのずさんさがきびしくとわれることとなった	ざんぎょおだいのみわらいがわっかくしろおむかんりのずさんさがきびしくとわれることとなった
1	仕事は大変だが、給料がいいので何とか続けられている。	しごとわたいえんだがきゅうりょおがいのでなにとかつずけられてえる	しごとわたいえんだがきゅうりょおがいのでなんとかつずけられてえる
1	子どもがおもちゃを部屋中に散らかしたので、片付けるのに一時間もかかった。	こどもがおもちゃおえやじゅうにちらかしたのでかたずけるのにいちじかんもかかった	こどもがおもちゃおえやちゅうにちらかしたのでかたずけるのにいちじかんもかかった
1	子どもがおもちゃを部屋中に散らかして、片付けようともしない。	こどもがおもちゃおえやじゅうにちらかしてかたずけよおともしない	こどもがおもちゃおえやちゅうにちらかしてかたずけよおともしない
1	子供に服を汚されてしまい、洗濯物が増えて困っています。	こどもにふくおよごされてしまいせんたくものがふえてこまってえます	こどもにふくおよごされてしまいせんたくぶつがふえてこまってえます
1	市場の潮目をいち早く読む達眼が、彼を成功へと導いた。	しじょおのしおめおいちわやくよむたつがんがかれおせえこおえとみちびいた	しじょおのしおめおいちわやくよむいたるめがかれおせえこおえとみちびいた
1	指示が二人からばらばらに出されたので、現場はすっかり混乱してしまった。	しじがふたりからばらばらにだされたのでげんばわすっかりこんらんしてしまった	しじがににんからばらばらにだされたのでげんばわすっかりこんらんしてしまった
1	私は毎朝七時に起きる。	わたしわまいあさしちじにおきる	わたしわまいあさななじにおきる
1	試合終了間際に一点を返し、みごとに逆転してみせた。	しあいしゅうりょおまぎわにいってんおかえしみごとにぎゃくてんしてみせた	しあいしゅうりょおまぎわにいちてんおかえしみごとにぎゃくてんしてみせた
1	資格試験に合格するために、毎日図書館へ通っています。	しかくしけんにごおかくするためにまいにちとしょかんえかよってえます	しかくしけんにごおかくするためにまいにちとしょかんえとおってえます
1	資金は残りわずかだったが、一か八か新規事業に全額を投じることにした。	しきんわのこりわずかだったがいちかばちかしんきじぎょおにぜんがくおとおじることにした	しきんわのこりわずかだったがいちかわちかしんきじぎょおにぜんがくおとおじることにした
1	資金繰りが行き詰まり、会社は倒産するかどうかの瀬戸際に立たされている。	しきんぐりがいきずまりかいしゃわとおさんするかどおかのせとさいにたたされてえる	しきんぐりがいきずまりかいしゃわとおさんするかどおかのせとぎわにたたされてえる
1	歯の治療に、毎週病院へ通っています。	わのちりょおにまいしゅうびょおいんえかよってえます	わのちりょおにまいしゅうびょおいんえとおってえます
1	歯医者で虫歯を一本抜かれて、しばらく話しにくかった。	わいしゃでむしばおいっぽんぬかれてしばらくわなしにくかった	わいしゃでむしばおいちほんぬかれてしばらくわなしにくかった
1	次の角を右に曲がってください。	つぎのかどおみぎにまがってください	つぎのかくおみぎにまがってください
1	自転車は車道ではなく、歩道の端をゆっくり走らせてください。	じてんしゃわしゃどおでわなくほどおのわしおゆっくりわしらせてください	じてんしゃわしゃどおでわなくほどおのわじおゆっくりわしらせてください
1	七時に家を出ます。	しちじにいえおでます	ななじにいえおでます
1	七時半にいえをでて、でんしゃでかいしゃへいきます。	しちじわんにいえおでてでんしゃでかいしゃえきます	ななじわんにいえおでてでんしゃでかいしゃえきます
1	失敗を恐れていては、新しいことには何一つ挑戦できない。	しっぱいおそれてえてわあたらしいことにわなんひとつちょおせんできない	しっぱいおそれてえてわあたらしいことにわなにひとつちょおせんできない
1	若い技術者たちが、この国の産業を担っていくことになる。	わかいぎじゅつものたちがこのくにのさんぎょおになってえくことになる	わかいぎじゅつしゃたちがこのくにのさんぎょおになってえくことになる
1	弱冠二十歳でこれほど緻密な論文を書き上げるとは、審査員一同が舌を巻いた。	じゃっかんにじゅっさいでこれほどちみつなろんぶんおかきあげるとわしんさいんいちどおがしたおまいた	じゃっかんにじゅうさいでこれほどちみつなろんぶんおかきあげるとわしんさいんいちどおがしたおまいた
1	取り締まりが緩んだ隙に、街には悪質な密売人が跋扈し始めた。	とりしまりがゆるんだすきにまちにわあくしつなみつばいじんがばっこしわじめた	とりしまりがゆるんだひまにまちにわあくしつなみつばいじんがばっこしわじめた
1	取材をやめろと、その男は電話口でしつこく記者を恫喝してきた。	しゅざいおやめろとそのおとこわでんわこおでしつこくきしゃおどおかつしてきた	しゅざいおやめろとそのおとこわでんわぐちでしつこくきしゃおどおかつしてきた
1	手術は無事に成功し、患者は一週間ほどで退院できる見込みだ。	しゅじゅつわぶじにせえこおしかんじゃわいっしゅうかんほどでたいんできるみこみだ	しゅじゅつわぶじにせえこおしかんじゃわいちしゅうかんほどでたいんできるみこみだ
1	手続きに関するお問い合わせは、市役所の一階の窓口で承っております。	てつずきにかんするおといあわせわしやくしょのいっかいのまどぐちでうけたまわっております	てつずきにかんするおといあわせわしやくしょのいちかいのまどぐちでうけたまわっております
1	受賞式の会場には、各界を代表する著名人がずらりと顔をそろえていた。	じゅしょおしきのかいじょおにわかくかいおだいひょおするちょめえひとがずらりとかおそろえてえた	じゅしょおしきのかいじょおにわかくかいおだいひょおするちょめえじんがずらりとかおそろえてえた
1	授賞式の会場は、多くの著名人が集まり華やかな雰囲気に包まれていた。	じゅしょおしきのかいじょおわおくのちょめえひとがあつまりわなやかなふんいきにつつまれてえた	じゅしょおしきのかいじょおわおくのちょめえじんがあつまりわなやかなふんいきにつつまれてえた
1	終電を逃したので、駅近のホテルに泊まらざるを得なかった。	しゅうでんおのがしたのでえきちかのほてるにとまらざるおえなかった	しゅうでんおのがしたのでえきこんのほてるにとまらざるおえなかった
1	準備不足だったので、案の定プレゼンはうまくいかなかった。	じゅんびぶそくだったのであんのじょおぷれぜんわうまくいかなかった	じゅんびふそくだったのであんのじょおぷれぜんわうまくいかなかった
1	初めて会ったのに、話してみると二人には意外と共通点が多かった。	わじめてあったのにわなしてみるとふたりにわいがいときょおつうてんがおかった	わじめてあったのにわなしてみるとににんにわいがいときょおつうてんがおかった
1	初対面にもかかわらず、二人は音楽の趣味ですっかり意気投合してしまった。	しょたいめんにもかかわらずふたりわおんがくのしゅみですっかりいきとおごおしてしまった	しょたいめんにもかかわらずににんわおんがくのしゅみですっかりいきとおごおしてしまった
1	少子化の現状を嘆いてばかりいても、事態は何一つ改善しない。	しょおしかのげんじょおなげえてばかりいてもじたいわなんひとつかいぜんしない	しょおしかのげんじょおなげえてばかりいてもじたいわなにひとつかいぜんしない
1	少子高齢化に伴う労働力不足は、日本経済の構造的な課題である。特に介護、建設、農業といった分野での人手不足は深刻で、外国人材の受け入れ拡大が喫緊の課題となっている。一方で、受け入れ態勢の整備や、多文化共生社会の実現に向けた取り組みも求められている。	しょおしこおれえかにともなうろおどおりょくふそくわにっぽんけえざいのこおぞおてきなかだいであるとくにかいごけんせつのおぎょおといったぶんやでのひとでぶそくわしんこくでがいこくじんざいのおけえれかくだいがきっきんのかだいとなってえるいっぽおでうけえれたいせえのせえびやたぶんかきょおせえしゃかいのじつげんにむけたとりくみももとめられてえる	しょおしこおれえかにともなうろおどおちからぶそくわにっぽんけえざいのこおぞおてきなかだいであるとくにかいごけんせつのおぎょおといったぶんやでのひとでふそくわしんこくでがいこくじんざいのおけえれかくだいがきっきんのかだいとなってえるいっぽおでうけえれたいせえのせえびやたぶんかきょおせえしゃかいのじつげんにむけたとりくみももとめられてえる
1	色々検討したが、矢張り最初の案が一番よかったようだ。	いろいろけんとおしたがやわりさいしょのあんがいちばんよかったよおだ	いろいろけんとおしたがやばりさいしょのあんがいちばんよかったよおだ
1	寝顔を見ていると、この子の存在がたまらなく愛おしく思えてくる。	ねがおみてえるとこのこのそんざいがたまらなくいとおしくおもえてくる	ねがおみてえるとこのこのそんざいがたまらなくあいおしくおもえてくる
1	新興企業は破竹の勢いで市場を席巻し、あっという間に業界首位に躍り出た。	しんこおきぎょおわわちくのいきおいでしじょおせっけんしあっとゆうまにぎょおかいしゅいにおどりでた	しんこおきぎょおわわちくのいきおいでしじょおせっけんしあっというまにぎょおかいしゅいにおどりでた
1	新指導部は反対派を次々と粛清し、党内の権力を一手に掌握した。	しんしどおぶわわんたいわおつぎつぎとしゅくせえしとおないのけんりょくおいってにしょおあくした	しんしどおぶわわんたいわおつぎつぎとしゅくせえしとおないのけんりょくおいちてにしょおあくした
1	新人の意欲が高いうちに、鉄は熱いうちに打てで、どんどん実務を任せるべきだ。	しんじんのいよくがたかいうちにてつわあついうちにうてでどんどんじつむおまかせるべきだ	しんじんのいよくがたかいうちにてつわあついうちにぶてでどんどんじつむおまかせるべきだ
1	新製品への注文が殺到し、受注から出荷までに一か月を要している。	しんせえひんえのちゅうもんがさっとおしじゅちゅうからしゅっかまでにいっかげつおよおしてえる	しんせえひんえのちゅうもんがさっとおしじゅちゅうからしゅっかまでにいちかげつおよおしてえる
1	人気商品が欠品してしまい、入荷まで一週間ほどお待ちいただくことになる。	にんきしょおひんがけっぴんしてしまいにゅうかまでえっしゅうかんほどおまちいただくことになる	にんきしょおひんがけつひんしてしまいにゅうかまでえちしゅうかんほどおまちいただくことになる
1	水を 一杯 ください。	みずおいっぱいください	みずおいちわいください
1	数ある短編の中でも、この一編が本作品集の白眉と言えるだろう。	かずあるたんぺんのなかでもこのいっぺんがほんさくひんしゅうのわくびといえるだろお	かずあるたんぺんのなかでもこのいちえんがほんさくひんしゅうのわくびといえるだろお
1	数多くの観察例から一般法則を引き出す帰納には、常に反例の危険がつきまとう。	かずおくのかんさつれえからいっぱんほおそくおひきだすきのおにわつねにわんれえのきけんがつきまとお	すうおくのかんさつれえからいっぱんほおそくおひきだすきのおにわつねにわんれえのきけんがつきまとお
1	世界中を探し回った答えが、実は身近な資料に載っていたとは、まさに灯台下暗しだった。	せかいじゅうおさがしまわったこたえがじつわみじかなしりょおにのってえたとわまさにとおだいもとくらしだった	せかいじゅうおさがしまわったこたえがじつわみじかなしりょおにのってえたとわまさにあかりだいかくらしだった
1	性格が合わず、二人は結局三年で離婚することになった。	せえかくがあわずふたりわけっきょくさんねんでりこんすることになった	せえかくがあわずににんわけっきょくさんねんでりこんすることになった
1	生と死の繰り返しは、抗いようのない自然の摂理である。	せえとしのくりかえしわあらがいよおのないしぜんのせつりである	なまとしのくりかえしわあらがいよおのないしぜんのせつりである
1	雪道で足を滑らせて転んでしまい、恥ずかしい思いをした。	ゆきみちであしおすべらせてころんでしまいわずかしいおもいおした	ゆきどおであしおすべらせてころんでしまいわずかしいおもいおした
1	先生が長年書きためた研究を、ついに一冊の本として出版することになった。	せんせえがながねんかきためたけんきゅうおついにいっさつのほんとしてしゅっぱんすることになった	せんせえがながねんかきためたけんきゅうおついにいちさつのほんとしてしゅっぱんすることになった
1	先生に、この漢字の正しい書き順を教えていただきました。	せんせえにこのかんじのただしいかきじゅんおしえてえただきました	せんせえにこのかんじのただしいがきじゅんおしえてえただきました
1	先生に渡された分厚い資料を、一晩で読まされて本当に大変だった。	せんせえにわたされたぶあついしりょおひとばんでよまされてほんとおにたいえんだった	せんせえにわたされたぶあついしりょおいちばんでよまされてほんとおにたいえんだった
1	専門家の手によって、傷んだ古文書が見事に復元された。	せんもんかのてによってえたんだこもんじょがみごとにふくげんされた	せんもんかのてによってえたんだこぶんしょがみごとにふくげんされた
1	洗濯物が乾いたら、きれいに畳んでください。	せんたくものがかわいたらきれえにたたんでください	せんたくぶつがかわいたらきれえにたたんでください
1	洗濯物をきちんと畳んで、種類ごとに引き出しへしまった。	せんたくものおきちんとたたんでしゅるいごとにひきだしえしまった	せんたくぶつおきちんとたたんでしゅるいごとにひきだしえしまった
1	洗濯物を干します。	せんたくものおほします	せんたくぶつおほします
1	銭湯はただ体をあらうばしょではなく、ちいきの人が顔を合わせる場でもあった。	せんとおわただからだおあらうばしょでわなくちいきのひとがかおあわせるばでもあった	せんとおわただからだおあらうばしょでわなくちいきのじんがかおあわせるばでもあった
1	全部は無理でも、少なくとも半分は今日中に終わらせたい。	ぜんぶわむりでもすくなくともわんぶんわきょおじゅうにおわらせたい	ぜんぶわむりでもすくなくともわんぶんわきょおちゅうにおわらせたい
1	祖父の生き様に感化され、私は医の道を志すに至った。	そふのいきざまにかんかされわたしわいのみちおこころざすにいたった	そふのいきさまにかんかされわたしわいのみちおこころざすにいたった
1	祖父は若い頃から農業を続けていて、米作りにとても詳しい。	そふわわかいころからのおぎょおつずけてえてこめずくりにとてもくわしい	そふわわかいころからのおぎょおつずけてえてべえずくりにとてもくわしい
1	祖母は昔ながらの糸車で、羊毛を一本の糸に紡いでいた。	そぼわむかしながらのいとぐるまでよおもおいっぽんのいとにつむいでえた	そぼわむかしながらのいとぐるまでよおもおいちほんのいとにつむいでえた
1	祖母は老眼鏡をかけ、破れた着物の裾を一針一針丁寧に縫っていた。	そぼわろおがんきょおかけやぶれたきもののすそおひとわりひとわりてえねえにぬってえた	そぼわろおがんきょおかけやぶれたきもののすそおいちわりいちわりてえねえにぬってえた
1	組合側は賃上げを求めて、一歩も譲らない強硬な姿勢を貫いた。	くみあいがわわちんあげおもとめてえっぽもゆずらないきょおこおなしせえおつらぬいた	くみあいがわわちんあげおもとめてえちほもゆずらないきょおこおなしせえおつらぬいた
1	創業五十周年を機に、社長は苦難の歩みを回顧する一冊をしたためた。	そおぎょおごじゅっしゅうねんおきにしゃちょおわくなんのあゆみおかいこするいっさつおしたためた	そおぎょおごじゅうしゅうねんおきにしゃちょおわくなんのあゆみおかいこするいちさつおしたためた
1	創業者たちの弛まぬ努力こそが、今日の会社の礎を築いたのである。	そおぎょおものたちのたゆまぬどりょくこそがきょおのかいしゃのいしずえおきずいたのである	そおぎょおしゃたちのたるまぬどりょくこそがきょおのかいしゃのいしずえおきずいたのである
1	創立五十周年を記念して、盛大な式典が催された。	そおりつごじゅっしゅうねんおきねんしてせえだいなしきてんがもよおされた	そおりつごじゅうしゅうねんおきねんしてせえだいなしきてんがもよおされた
1	双方とも一歩も譲らず、条件面でなかなか折り合うことができなかった。	そおほおともいっぽもゆずらずじょおけんめんでなかなかおりあうことができなかった	そおほおともいちほもゆずらずじょおけんめんでなかなかおりあうことができなかった
1	壮大な目標に圧倒されそうだが、千里の道も一歩からで、まずは今日の一件から片づけよう。	そおだいなもくひょおにあっとおされそおだがせんりのみちもいっぽからでまずわきょおのいっけんからかたずけよお	そおだいなもくひょおにあっとおされそおだがせんりのみちもいちほからでまずわきょおのいちけんからかたずけよお
1	早期に発見できれば、この病気は治療によって完治する可能性が高い。	そおきにわっけんできればこのびょおきわちりょおによってかんちするかのおせえがたかい	そおきにわっけんできればこのびょおきわちりょおによってかんじするかのおせえがたかい
1	送料も含めて、全部で三千円になります。	そおりょおもふくめてぜんぶでさんぜんえんになります	そおりょおもふくめてぜんぶでさんせんえんになります
1	村の長老の一言には、若者たちが束になっても敵わないほどの重みがあった。	むらのちょおろおのひとことにわわかものたちがたばになってもかなわないほどのおもみがあった	むらのちょおろおのひとことにわわかものたちがたばになってもてきわないほどのおもみがあった
1	村の入り口には、苔むした石の地蔵が昔から鎮座している。	むらのいりぐちにわこけむしたいしのじぞおがむかしからちんざしてえる	むらのいりくちにわこけむしたいしのじぞおがむかしからちんざしてえる
1	多少の経費の使い込みには目を瞑るとしても、書類の改ざんだけは断じて見過ごせない。	たしょおのけえひのつかいこみにわめおつぶるとしてもしょるいのかいざんだけわだんじてみすごせない	たしょおのけえひのつかいこみにわめおつむるとしてもしょるいのかいざんだけわだんじてみすごせない
1	太陽が海に沈む景色を見ながら、二人で静かに歩きました。	たいよおがうみにしずむけしきおみながらふたりでしずかにあるきました	たいよおがうみにしずむけしきおみながらににんでしずかにあるきました
1	打ち合わせは今日中に済ませますか、それとも明日に回しますか。	うちあわせわきょおじゅうにすませますかそれともあしたにまわしますか	うちあわせわきょおちゅうにすませますかそれともあしたにまわしますか
1	台風の接近に伴い、猛烈な雨と風が一晩中続いた。	たいふうのせっきんにともないもおれつなあめとかぜがひとばんじゅうつずいた	たいふうのせっきんにともないもおれつなあめとかぜがいちばんちゅうつずいた
1	大腸では、残った内容物から水分が吸収され、便が形づくられる。	だいちょおでわのこったないよおぶつからすいぶんがきゅうしゅうされべんがかたちずくられる	だいちょおでわのこったないよおぶつからすいぶんがきゅうしゅうされびんがかたちずくられる
1	担当者の急病で、契約手続きが一週間ほど滞ってしまった。	たんとおしゃのきゅうびょおでけえやくてつずきがいっしゅうかんほどとどこおってしまった	たんとおしゃのきゅうびょおでけえやくてつずきがいちしゅうかんほどとどこおってしまった
1	地位に伴う特権を当然のように享受する者ほど、それに見合う責任には無頓着なものだ。	ちいにともなうとっけんおとおぜんのよおにきょおじゅするものほどそれにみあうせきにんにわむとんちゃくなものだ	ちいにともなうとっけんおとおぜんのよおにきょおじゅするものほどそれにみあうせきにんにわむとんじゃくなものだ
1	地球温暖化の問題は、もはや一国だけで解決できるものではない。	ちきゅうおんだんかのもんだいわもわやいっこくだけでかいけつできるものでわない	ちきゅうおんだんかのもんだいわもわやいちこくだけでかいけつできるものでわない
1	地球温暖化は、もはや一国だけでなく人類全体で取り組むべき課題である。	ちきゅうおんだんかわもわやいっこくだけでなくじんるいぜんたいでとりくむべきかだいである	ちきゅうおんだんかわもわやいちこくだけでなくじんるいぜんたいでとりくむべきかだいである
1	地震に備えて、家族が一週間過ごせる食料を準備しておいた。	じしんにそなえてかぞくがいっしゅうかんすごせるしょくりょおじゅんびしておいた	じしんにそなえてかぞくがいちしゅうかんすごせるしょくりょおじゅんびしておいた
1	茶道には、一杯の茶を点てる所作の一つ一つに奥妙な精神が宿っている。	さどおにわいっぱいのちゃおたてるしょさのひとつひとつにおくみょおなせえしんがやどってえる	さどおにわいちわいのちゃおたてるしょさのひとつひとつにおくみょおなせえしんがやどってえる
1	朝、電車が事故で三十分遅れました。	あさでんしゃがじこでさんじゅっぷんおくれました	あさでんしゃがじこでさんじゅうふんおくれました
1	長年連れ添った二人は、まるで異体同心のように互いを察し合う。	ながねんつれそったふたりわまるでえたいどおしんのよおにたがいおさっしあう	ながねんつれそったににんわまるでえたいどおしんのよおにたがいおさっしあう
1	通行の邪魔にならないよう、車を道の端に寄せて停めた。	つうこおのじゃまにならないよおくるまおみちのわしによせてとめた	つうこおのじゃまにならないよおくるまおみちのわじによせてとめた
1	庭一面に咲いた金木犀が、芳しい香りをあたりに漂わせている。	にわいちめんにさいたきんもくせえがかぐわしいかおりおあたりにただよわせてえる	にわいちめんにさいたきんもくせえがかんばしいかおりおあたりにただよわせてえる
1	締め切りには間に合わないと思いましたが、徹夜して何とか終わらせました。	しめきりにわまにあわないとおもいましたがてつやしてなにとかおわらせました	しめきりにわまにあわないとおもいましたがてつやしてなんとかおわらせました
1	締め切りに間に合わせるため、彼は一週間ひたすら原稿を書き続けた。	しめきりにまにあわせるためかれわいっしゅうかんひたすらげんこおかきつずけた	しめきりにまにあわせるためかれわいちしゅうかんひたすらげんこおかきつずけた
1	天気がいいから、布団を外に干そう。	てんきがいからふとんおそとにほそお	てんきがいからふとんおそとにひそお
1	天気がいいので、洗濯物がすぐ乾きます。	てんきがいのでせんたくものがすぐかわきます	てんきがいのでせんたくぶつがすぐかわきます
1	怒りに任せて動くのではなく、いったん理性に立ち返って判断すべきだ。	おこりにまかせてうごくのでわなくいったんりせえにたちかえってわんだんすべきだ	いかりにまかせてうごくのでわなくいったんりせえにたちかえってわんだんすべきだ
1	倒れた電柱を跨いで、私たちは避難所へと急いだ。	たおれたでんちゅうおまたいでわたしたちわひなんじょえといそいだ	たおれたでんちゅうおまたいでわたしたちわひなんしょえといそいだ
1	冬になると雪が降ります。	ふゆになるとゆきがふります	ふゆになるとゆきがおります
1	当局は武力をもって抗議デモを鎮圧したが、それがかえって国民の怒りに油を注ぐ結果となった。	とおきょくわぶりょくおもってこおぎでもおちんあつしたがそれがかえってこくみんのおこりにあぶらおそそぐけっかとなった	とおきょくわぶりょくおもってこおぎでもおちんあつしたがそれがかえってこくみんのいかりにあぶらおそそぐけっかとなった
1	当社は来月、創立五十周年を記念する式典を催す予定だ。	とおしゃわらいげつそおりつごじゅっしゅうねんおきねんするしきてんおもよおすよてえだ	とおしゃわらいげつそおりつごじゅうしゅうねんおきねんするしきてんおもよおすよてえだ
1	働き方改革の一環として、弊社ではフレックスタイム制を導入いたします。コアタイムは午前十時から午後三時までとし、それ以外の時間は社員が自由に調整できます。来月一日から適用されます。	わたらきかたかいかくのいっかんとしてえしゃでわふれっくすたいむせえおどおにゅういたしますこあたいむわごぜんじゅうじからごごさんじまでとしそれえがいのじかんわしゃいんがじゆうにちょおせえできますらいげつついたちからてきよおされます	わたらきかたかいかくのいっかんとしてえしゃでわふれっくすたいむせえおどおにゅういたしますこあたいむわごぜんじゅうじからごごさんじまでとしそれえがいのじかんわしゃいんがじゆうにちょおせえできますらいげついちにちからてきよおされます
1	二十世紀に比べて、今は世界中の人と簡単に連絡が取れるようになりました。	にじゅっせえきにくらべてえまわせかいじゅうのひととかんたんにれんらくがとれるよおになりました	にじゅうせえきにくらべてえまわせかいじゅうのひととかんたんにれんらくがとれるよおになりました
1	二人きりでじっくり話したい。	ふたりきりでじっくりわなしたい	ににんきりでじっくりわなしたい
1	二人の意見には微妙な違いがあり、なかなか合意に至らなかった。	ふたりのいけんにわびみょおなちがいがありなかなかごおいにいたらなかった	ににんのいけんにわびみょおなちがいがありなかなかごおいにいたらなかった
1	二人はまるで運命に導かれるかのように出会い、結ばれた。	ふたりわまるでうんめえにみちびかれるかのよおにであいむすばれた	ににんわまるでうんめえにみちびかれるかのよおにであいむすばれた
1	二人は人目を忍ぶように、木陰で何やら甘い囁きを交わしていた。	ふたりわひとめおしのぶよおにこかげでなにやらあまいささやきおかわしてえた	ににんわひとめおしのぶよおにこかげでなにやらあまいささやきおかわしてえた
1	日本人にとって、米は昔から欠かせない主食であり続けてきました。	にっぽんじんにとってこめわむかしからかかせないしゅしょくでありつずけてきました	にっぽんじんにとってべえわむかしからかかせないしゅしょくでありつずけてきました
1	入り口で来場者にパンフレットを配るように頼まれた。	いりぐちでらいじょおしゃにぱんふれっとおくばるよおにたのまれた	いりくちでらいじょおしゃにぱんふれっとおくばるよおにたのまれた
1	入社して一週間後、私は営業部に配属されました。	にゅうしゃしてえっしゅうかんごわたしわえぎょおぶにわいぞくされました	にゅうしゃしてえちしゅうかんごわたしわえぎょおぶにわいぞくされました
1	梅雨の時期は湿度が高くて、洗濯物がなかなか乾かないんです。	つゆのじきわしつどがたかくてせんたくものがなかなかかわかないんです	つゆのじきわしつどがたかくてせんたくぶつがなかなかかわかないんです
1	買ったばかりの洗濯機が、一週間で壊れてしまった。	かったばかりのせんたくきがいっしゅうかんでこわれてしまった	かったばかりのせんたくきがいちしゅうかんでこわれてしまった
1	彼は一日中書斎にこもり、人生の意味について深い思索にふけっていた。	かれわいちにちじゅうしょさいにこもりじんせえのいみについてふかいしさくにふけってえた	かれわいちにちちゅうしょさいにこもりじんせえのいみについてふかいしさくにふけってえた
1	彼は言葉を巧みに操り、聴衆をあっという間に自分の世界に引き込んだ。	かれわことばおたくみにあやつりちょおしゅうおあっとゆうまにじぶんのせかいにひきこんだ	かれわことばおたくみにあやつりちょおしゅうおあっというまにじぶんのせかいにひきこんだ
1	彼は三十歳のときに、仲間とともに小さな会社を設立しました。	かれわさんじゅっさいのときになかまとともにちいさなかいしゃおせつりつしました	かれわさんじゅうさいのときになかまとともにちいさなかいしゃおせつりつしました
1	彼は若い頃の事故で隻眼となったが、それでも職人としての腕は少しも鈍らなかった。	かれわわかいころのじこでせきがんとなったがそれでもしょくにんとしてのおでわすこしもなまらなかった	かれわわかいころのじこでせきがんとなったがそれでもしょくにんとしてのおでわすこしもにぶらなかった
1	彼は十年もの服役を終え、社会復帰への一歩を踏み出した。	かれわじゅうねんものふくえきおえしゃかいふっきえのいっぽおふみだした	かれわじゅうねんものふくえきおえしゃかいふっきえのいちほおふみだした
1	彼は焦らず、一歩ずつ着実に目標へと近づいている。	かれわあせらずいっぽずつちゃくじつにもくひょおえとちかずいてえる	かれわあせらずいちほずつちゃくじつにもくひょおえとちかずいてえる
1	彼は身なりに無頓着で、いつも同じよれよれのシャツを着ている。	かれわみなりにむとんちゃくでえつもおなじよれよれのしゃつおきてえる	かれわみなりにむとんじゃくでえつもおなじよれよれのしゃつおきてえる
1	彼は入院中の祖父を甲斐甲斐しく世話し、毎日欠かさず病院に通った。	かれわにゅういんちゅうのそふおかいがいしくせわしまいにちかかさずびょおいんにかよった	かれわにゅういんちゅうのそふおかいがいしくせわしまいにちかかさずびょおいんにとおった
1	彼女が描いたこの絵は、何と美しいことでしょう。	かのじょがえがいたこのえわなんとおつくしいことでしょお	かのじょがえがいたこのえわなにとおつくしいことでしょお
1	彼女は電光石火の早業で相手の隙を突き、一本を取った。	かのじょわでんこおせっかのわやわざであいてのすきおつきいっぽんおとった	かのじょわでんこおせっかのわやわざであいてのひまおつきいちほんおとった
1	彼女は怒りっぽい。	かのじょわおこりっぽい	かのじょわいかりっぽい
1	彼女は入社以来、経理に関する事務を一手に引き受けている。	かのじょわにゅうしゃいらいけえりにかんするじむおいってにひきうけてえる	かのじょわにゅうしゃいらいけえりにかんするじむおいちてにひきうけてえる
1	彼女は文学部を卒業した後、出版社に就職したそうです。	かのじょわぶんがくぶおそつぎょおしたあとしゅっぱんしゃにしゅうしょくしたそおです	かのじょわぶんがくぶおそつぎょおしたのちしゅっぱんしゃにしゅうしょくしたそおです
1	被害者たちは記者会見を開き、企業の隠蔽体質を厳しく糾弾した。	ひがいものたちわきしゃかいけんおひらききぎょおのいんぺえたいしつおきびしくきゅうだんした	ひがいしゃたちわきしゃかいけんおひらききぎょおのいんぺえたいしつおきびしくきゅうだんした
1	飛行機は予定より三十分遅れて空港に到着した。	ひこおきわよてえよりさんじゅっぷんおくれてくうこおにとおちゃくした	ひこおきわよてえよりさんじゅうふんおくれてくうこおにとおちゃくした
1	普通なら三十分で着くのに、事故のせいで二時間もかかった。	ふつうならさんじゅっぷんでつくのにじこのせえでにじかんもかかった	ふつうならさんじゅうふんでつくのにじこのせえでにじかんもかかった
1	父は交通事故で足の骨を折り、一か月ほど入院した。	ちちわこおつうじこであしのほねおりいっかげつほどにゅういんした	ちちわこおつうじこであしのほねおりいちかげつほどにゅういんした
1	部品の到着が遅れているため、出荷を一週間遅らせることになった。	ぶひんのとおちゃくがおくれてえるためしゅっかおいっしゅうかんおくらせることになった	ぶひんのとおちゃくがおくれてえるためしゅっかおいちしゅうかんおくらせることになった
1	仏教では、悟りを開かない限り、生き物は生と死の輪廻を繰り返すと説かれている。	ぶっきょおでわさとりおひらかないかぎりいきものわせえとしのりんねおくりかえすととかれてえる	ぶっきょおでわさとりおひらかないかぎりいきものわなまとしのりんねおくりかえすととかれてえる
1	物価の高騰に端を発した市民の不満は、ついに各地で暴動へと発展してしまった。	ぶっかのこおとおにたんおわっしたしみんのふまんわついにかくちでぼおどおえとわってんしてしまった	ぶっかのこおとおにわじおわっしたしみんのふまんわついにかくちでぼおどおえとわってんしてしまった
1	母は角のある皿より、丸いお皿のほうが料理が優しく見えると言っていた。	わわわかどのあるさらよりまるいおさらのほおがりょおりがやさしくみえるといってえた	わわわかくのあるさらよりまるいおさらのほおがりょおりがやさしくみえるといってえた
1	忙しかった。そういうわけで連絡できなかった。	いそがしかったそおゆうわけでれんらくできなかった	いそがしかったそおいうわけでれんらくできなかった
1	本音を全部口にするより、言わぬが花ということもあるものだ。	ほんねおぜんぶくちにするよりいわぬがわなということもあるものだ	ほんねおぜんぶぐちにするよりいわぬがわなということもあるものだ
1	毎朝七時ごろ起きます。	まいあさしちじごろおきます	まいあさななじごろおきます
1	毎日たった十分の練習でも、雨垂れ石を穿つで、一年後には見違えるほど上達していた。	まいにちたったじゅっぷんのれんしゅうでもあまだれせきおがつでえちねんごにわみちがえるほどじょおたつしてえた	まいにちたったじゅうぶんのれんしゅうでもあまだれせきおがつでえちねんごにわみちがえるほどじょおたつしてえた
1	毎日三十分歩くことが、健康にとても良いそうです。特に朝の散歩はおすすめです。新鮮な空気を吸って、気持ちもさわやかになります。	まいにちさんじゅっぷんあるくことがけんこおにとてもよいそおですとくにあさのさんぽわおすすめですしんせんなくうきおすってきもちもさわやかになります	まいにちさんじゅうふんあるくことがけんこおにとてもよいそおですとくにあさのさんぽわおすすめですしんせんなくうきおすってきもちもさわやかになります
1	未熟者ではございますが、今後とも一層精進する所存です。	みじゅくものでわございますがこんごともいっそおしょおじんするしょぞんです	みじゅくしゃでわございますがこんごともいっそおしょおじんするしょぞんです
1	民衆は神殿の前に額ずき、静かに祈りを捧げていた。	みんしゅうわしんでんのまえにぬかずきしずかにいのりおささげてえた	みんしゅうわしんでんのまえにがくずきしずかにいのりおささげてえた
1	無理をしがちな彼女に、たまには体を労わるよう忠告した。	むりおしがちなかのじょにたまにわからだおいたわるよおちゅうこくした	むりおしがちなかのじょにたまにわからだおろおわるよおちゅうこくした
1	明日は多分雨が降ります。	あしたわたぶんあめがふります	あしたわたぶんあめがおります
1	問屋との仕切り値を一円でも下げようと、担当者は粘り強く交渉を続けた。	とんやとのしきりねおいちえんでもさげよおとたんとおしゃわねばりずよくこおしょおつずけた	とんやとのしきりちおいちえんでもさげよおとたんとおしゃわねばりずよくこおしょおつずけた
1	夜になると、街の灯りがつきます。	よるになるとまちのともりがつきます	よるになるとまちのあかりがつきます
1	夜空に瞬く満天の星を仰ぎ、彼は改めて己の小ささを痛感した。	よぞらにまたたくまんてんのほしおあおぎかれわあらためておのれのちいささおつうかんした	よぞらにまばたくまんてんのほしおあおぎかれわあらためておのれのちいささおつうかんした
1	優勝が続いたせいか、選手たちの練習にはどこか気が弛んでいるように見える。	ゆうしょおがつずいたせえかせんしゅたちのれんしゅうにわどこかきがたゆんでえるよおにみえる	ゆうしょおがつずいたせえかせんしゅたちのれんしゅうにわどこかきがたるんでえるよおにみえる
1	予定していた議題も一通り話し合えたので、そろそろ会議を締めくくってもよろしいでしょうか。	よてえしてえたぎだいもひととおりわなしあえたのでそろそろかいぎおしめくくってもよろしいでしょおか	よてえしてえたぎだいもいちとおりわなしあえたのでそろそろかいぎおしめくくってもよろしいでしょおか
1	来月、二人は正式に結婚することになった。	らいげつふたりわせえしきにけっこんすることになった	らいげつににんわせえしきにけっこんすることになった
1	来月の社員旅行を計画しているのですが、行き先で迷っています。	らいげつのしゃいんりょこおけえかくしてえるのですがいきさきでまよってえます	らいげつのしゃいんりょこおけえかくしてえるのですがゆきさきでまよってえます
1	来週の旅行の行き先をまだ決めていません。	らいしゅうのりょこおのいきさきおまだきめてえません	らいしゅうのりょこおのゆきさきおまだきめてえません
1	来週旅行に行きます。ちなみに、行き先は北海道です。	らいしゅうりょこおにいきますちなみにいきさきわほっかいどおです	らいしゅうりょこおにいきますちなみにゆきさきわほっかいどおです
1	利害が対立した二人は、かつての盟友でありながら今や反目し合っている。	りがいがたいりつしたふたりわかつてのめえゆうでありながらいまやわんもくしあってえる	りがいがたいりつしたににんわかつてのめえゆうでありながらいまやわんもくしあってえる
1	理科の授業で、一週間かけて植物の成長を観察した。	りかのじゅぎょおでえっしゅうかんかけてしょくぶつのせえちょおかんさつした	りかのじゅぎょおでえちしゅうかんかけてしょくぶつのせえちょおかんさつした
1	両社は合併に関する共同声明を発表し、記者たちの質問に答えた。	りょおしゃわがっぺえにかんするきょおどおせえめえおわっぴょおしきものたちのしつもんにこたえた	りょおしゃわがっぺえにかんするきょおどおせえめえおわっぴょおしきしゃたちのしつもんにこたえた
1	両者の利害が真っ向から相反するため、交渉は難航を極めた。	りょおしゃのりがいがまっこおからあいわんするためこおしょおわなんこおきわめた	りょおしゃのりがいがまっこおからそおわんするためこおしょおわなんこおきわめた
1	料理人は仕込みの前に、必ず包丁を丹念に研ぐことを習慣にしている。	りょおりにんわしこみのまえにかならずほおちょおたんねんにとぐことおしゅうかんにしてえる	りょおりじんわしこみのまえにかならずほおちょおたんねんにとぐことおしゅうかんにしてえる
1	連続ドラマを一晩で見てしまいました。	れんぞくどらまおひとばんでみてしまいました	れんぞくどらまおいちばんでみてしまいました
1	連帯保証人になったばかりに、彼は他人の借金を背負って破産する羽目になった。	れんたいほしょおにんになったばかりにかれわたにんのしゃっきんおせおってわさんするわめになった	れんたいほしょおじんになったばかりにかれわたにんのしゃっきんおせおってわさんするわめになった
1	連絡が途絶えたまま一週間が過ぎ、家族の不安は日に日に募っていった。	れんらくがとだえたままいっしゅうかんがすぎかぞくのふあんわひにひにつのってえった	れんらくがとだえたままいちしゅうかんがすぎかぞくのふあんわひにひにつのってえった
1	六月は、雨がよく降ります。	ろくがつわあめがよくふります	ろくがつわあめがよくおります
1	疚しいことは何一つしていないのだから、堂々と説明すればいい。	やましいことわなんひとつしてえないのだからどおどおとせつめえすればい	やましいことわなにひとつしてえないのだからどおどおとせつめえすればい
